good,fine
good,superb
good,excellent
good,delightful
good,pleasant
good,worthy
good,admirable
good,capable
new,fresh
new,original
new,innovative
new,additional
new,inaugural
new,unprecedented
first,primary
first,initial
first,beginning
first,foremost
first,preeminent
first,earliest
first,maiden
first,primal
last,final
last,ultimate
last,ending
last,concluding
last,lasting
last,terminal
last,eventual
last,prevailing
long,extended
long,prolonged
long,drawn-out
long,lengthy
long,continuous
long,uninterrupted
great,large
great,significant
great,substantial
great,extensive
great,considerable
great,sizeable
great,major
great,massive
little,small
little,tiny
little,minor
little,slight
little,petite
little,insignificant
little,modest
little,limited
right,correct
right,proper
right,suitable
right,legitimate
right,accurate
right,exact
right,precise
right,true
big,large
big,sizeable
big,substantial
big,extensive
big,considerable
big,significant
big,massive
big,gigantic
high,elevated
high,tall
high,lofty
high,exalted
high,peakful
high,pinnacle
high,skyward
high,upward
different,distinct
different,diverse
different,dissimilar
different,separate
different,unique
different,unlike
different,disparate
different,varied
small,little
small,tiny
small,minute
small,petite
small,slight
small,modest
small,insignificant
small,diminutive
large,extensive
large,sizeable
large,spacious
large,substantial
large,generous
large,ample
large,massive
large,bulky
early,prompt
early,quick
early,timely
early,initial
early,first
early,budding
early,nascent
young,juvenile
young,immature
young,newborn
young,adolescent
young,teenage
young,tender
young,verdant
young,budding
important,significant
important,consequential
important,critical
important,essential
important,paramount
important,key
important,major
important,pivotal
public,open
public,general
public,community
public,collective
public,shared
public,popular
public,global
public,universal
general,widespread
general,common
general,global
general,overall
general,broad
general,comprehensive
general,all-encompassing
general,universal
certain,sure
certain,certainly
certain,definite
certain,positive
certain,specific
certain,unequivocal
certain,clear
certain,assertive
free,unbound
free,unrestricted
free,unfettered
free,gratis
free,libre
free,unpaid
free,independent
whole,entire
whole,total
whole,complete
whole,full
whole,full-scale
whole,wholehearted
whole,undivided
whole,wholesale
short,brief
short,concise
short,terse
short,abridged
short,curt
short,scant
short,abbreviated
short,condensed
easy,simple
easy,effortless
easy,undemanding
easy,manageable
easy,straightforward
strong,powerful
strong,robust
strong,potent
strong,vigorous
strong,mighty
strong,sturdy
strong,resilient
strong,tenacious
special,extraordinary
special,unique
special,distinctive
special,unusual
special,notable
special,exceptional
special,preeminent
special,superior
clear,obvious
clear,transparent
clear,evident
clear,unmistakable
clear,distinct
clear,pellucid
clear,lucid
clear,clear-cut
late,belated
late,overdue
late,delayed
late,posthumous
late,deceased
late,recent
single,solo
single,one
single,separate
single,lone
single,unmarried
single,unique
single,solitary
single,distinct
medical,clinical
medical,curative
medical,healing
medical,hospitable
medical,nosological
medical,remedial
medical,therapeutic
central,main
central,key
central,essential
central,pivotal
central,core
central,principal
central,centralized
central,middle
major,significant
major,main
major,majority
major,substantial
major,large
major,great
major,primary
major,key
major,leading
major,dominant
happy,cheerful
happy,content
happy,delighted
happy,joyful
happy,pleased
happy,pleasant
happy,satisfied
happy,glad
ready,prepared
ready,set
ready,willing
ready,equipped
ready,primed
ready,matured
ready,finished
ready,adept
environmental,ecological
environmental,green
environmental,natural
environmental,ecological
environmental,conservationist
environmental,plant-friendly
environmental,biosphere
environmental,unspoiled
original,primary
original,initial
original,first
original,authentic
original,genuine
original,innate
original,unparalleled
original,unprecedented
electrical,electric
electrical,powered
electrical,voltagic
electrical,current
electrical,electricality
electrical,galvanic
electrical,electrokinetic
electrical,electromotive
expensive,costly
expensive,high-priced
expensive,dear
expensive,overpriced
expensive,steep
expensive,extravagant
expensive,exorbitant
expensive,pricy
academic,scholarly
academic,educational
academic,learned
academic,studious
academic,intellectual
academic,erudite
academic,pedagogical
academic,pronounced
additional,supplementary
additional,further
additional,extra
additional,furthermore
additional,additionalwise
additional,furthermoremore
additional,extramore
additional,subsequent
comfortable,cozy
comfortable,snug
comfortable,cosy
comfortable,easy
comfortable,secure
comfortable,congenial
comfortable,pleasant
comfortable,satisfactory
primary,main
primary,chief
primary,fundamental
primary,key
primary,primary
primary,principal
primary,initial
primary,preliminary
professional,skilled
professional,expert
professional,seasoned
professional,experienced
professional,qualified
professional,competent
professional,specialised
professional,dedicated
historical,historic
historical,past
historical,ancient
historical,former
historical,bygone
historical,prehistoric
historical,antique
historical,traditional
psychological,mental
psychological,emotional
psychological,inner
psychological,mindful
psychological,neural
psychological,cognitive
psychological,intellectual
psychological,conscious
reasonable,logical
reasonable,rational
reasonable,sensible
reasonable,moderate
reasonable,fair
reasonable,realistic
reasonable,practical
reasonable,fair-minded
accurate,precise
accurate,exact
accurate,correct
accurate,faithful
accurate,right
accurate,trustworthy
accurate,authentic
accurate,meticulous
critical,crucial
critical,essential
critical,pivotal
critical,vital
critical,important
critical,key
critical,paramount
critical,consequential
efficient,productive
efficient,effective
efficient,proficient
efficient,terse
efficient,sparing
efficient,thrifty
efficient,economical
legal,legitimate
legal,lawful
legal,licit
legal,valid
legal,admissible
legal,allowable
legal,conformable
legal,regulatory
residential,domestic
residential,homebound
residential,dwelling
residential,habitational
residential,domicile
residential,residentiary
cute,adorable
cute,charming
cute,endearing
cute,attractive
cute,pretty
cute,lovely
cute,delightful
cute,attractive
cute,attractive
cute,attractive
civil,courteous
civil,polite
civil,decent
civil,orderly
civil,proper
civil,respectful
popular,widespread
popular,common
popular,famous
popular,well-liked
popular,prevalent
popular,popularize
popular,trendy
popular,voguish
technical,intricate
technical,specialised
technical,complicated
technical,esoteric
technical,scientific
technical,technological
technical,engineering
technical,professional
appropriate,suitable
appropriate,apt
appropriate,fitting
appropriate,proper
appropriate,acceptable
appropriate,correct
appropriate,desirable
appropriate,meet
essential,crucial
essential,indispensable
essential,necessary
essential,vital
essential,required
essential,fundamental
essential,core
essential,key
essential,principal
essential,paramount
remarkable,noteworthy
remarkable,exceptional
remarkable,outstanding
remarkable,distinctive
remarkable,impressive
remarkable,memorable
remarkable,conspicuous
remarkable,unusual
loud,noisy
loud,blaring
loud,booming
loud,clamorous
loud,strident
loud,voluminous
loud,fortissimo
tall,lofty
tall,high
tall,elevated
tall,skyscraping
tall,towering
short,brief
short,terse
short,concise
short,abridged
short,curt
short,pithy
short,scanty
short,meager
wide,broad
wide,spacious
wide,extensive
wide,large
wide,ample
wide,sizeable
wide,comprehensive
wide,expansive
fat,overweight
fat,obese
fat,corpulent
fat,heavy
fat,big
fat,chubby
fat,stout
fat,paunchy
thin,slim
thin,lean
thin,lanky
thin,skinny
thin,sparse
thin,scrawny
thin,feeble
thin,insubstantial
strong,powerful
strong,robust
strong,potent
strong,mighty
strong,vigorous
strong,sturdy
strong,tenacious
strong,firm
weak,frail
weak,feeble
weak,flimsy
weak,ineffectual
weak,insubstantial
weak,limp
weak,pathetical
weak,puny
weak,shaky
weak,unreliable
soft,gentle
soft,delicate
soft,mild
soft,suave
soft,tender
soft,compliant
soft,lenient
soft,pelasant
hard,difficult
hard,challenging
hard,tough
hard,demanding
hard,strenuous
hard,severe
hard,rigorous
hard,taxing
bright,intelligent
bright,luminous
bright,radiant
bright,smart
bright,sharp
bright,clear
bright,vivid
bright,sunny
dark,unlit
dark,black
dark,dim
dark,gloomy
dark,murky
dark,shadowy
hot,boiling
hot,sweltering
hot,sizzling
hot,scorching
hot,blazing
hot,fiery
hot,torrid
warm,cozy
warm,snug
warm,toasty
warm,snuggly
warm,cosy
warm,comfortable
warm,homely
warm,inviting
cool,chilly
cool,frostful
cool,cold
cool,unwarmed
cool,crisp
cool,refreshing
dry,arid
dry,desiccated
dry,parched
dry,barren
dry,dehydrated
dry,moistureless
fast,swift
fast,rapid
fast,speedy
fast,quick
fast,hasty
fast,prompt
fast,immediate
fast,instant
early,prompt
early,quick
early,timely
early,initial
early,advanced
early,earliest
confusing,baffling
confusing,perplexing
confusing,puzzling
confusing,mystifying
confusing,ambiguous
confusing,deranging
confusing,intricate
confusing,vexing
dishonest,untrustworthy
dishonest,deceitful
dishonest,dishonorable
dishonest,unethical
dishonest,crooked
dishonest,corrupt
dishonest,duplicitous
dishonest,false
friendly,cordial
friendly,genial
friendly,warmhearted
friendly,sociable
friendly,approachable
friendly,amiable
friendly,congenial
friendly,helpful
rude,impolite
rude,discourteous
rude,offensive
rude,uncivil
rude,bad-mannered
rude,unmannerly
rude,insolent
rude,impertinent
kind,friendly
kind,benevolent
kind,generous
kind,compassionate
kind,considerate
kind,decency
kind,gracious
kind,helpful
mean,angry
mean,bitter
mean,disgruntled
mean,petty
mean,stingy
mean,unpleasant
generous,bountiful
generous,munificent
generous,charitable
generous,beneficent
generous,philanthropic
generous,liberal
generous,openhanded
generous,generous-hearted
greedy,avid
greedy,greedy
greedy,desirous
greedy,covetous
greedy,acquisitive
greedy,money-grubbing
greedy,voracious
greedy,sharkish
smart,intelligent
smart,shrewd
smart,wise
smart,astute
smart,clever
smart,sagacious
smart,quick-witted
smart,penetrating
stupid,unintelligent
stupid,simple-minded
stupid,foolish
stupid,ignorant
stupid,dense
stupid,obtuse
stupid,mindless
stupid,brainless
quiet,tranquil
quiet,silent
quiet,peaceful
quiet,still
quiet,soft
quiet,serene
quiet,unobtrusive
quiet,quiescent
noisy,loud
noisy,rowdy
noisy,boisterous
noisy,raucous
noisy,clamorous
noisy,uproarious
noisy,blaring
noisy,dinning
safe,secure
safe,sound
safe,protected
safe,unharmed
safe,safekeeping
safe,snug
safe,sheltered
safe,risk-free
dangerous,hazardous
dangerous,risky
dangerous,perilous
dangerous,treacherous
dangerous,unsafe
dangerous,perilous
dangerous,jeopardous
dangerous,deleterious
dirty,filthy
dirty,grubby
dirty,soiled
dirty,unclean
dirty,dirty
dirty,tarnished
dirty,muddy
dirty,smutty
dirty,seedy
dirty,squalid
busy,occupied
busy,engaged
busy,swamped
busy,preoccupied
busy,active
busy,hurried
busy,stressed
busy,involved
beautiful,lovely
beautiful,gorgeous
beautiful,handsome
beautiful,attractive
beautiful,pleasing
beautiful,delightful
beautiful,fine
beautiful,good-looking
famous,well-known
famous,renowned
famous,celebrated
famous,eminent
famous,distinguished
famous,notable
famous,famed
famous,acclaimed
unknown,unidentified
unknown,mysterious
unknown,unfamiliar
unknown,secret
unknown,veiled
unknown,obscure
invisible,unseen
invisible,imperceptible
invisible,intangible
invisible,clear
invisible,diaphanous
invisible,transparent
invisible,ghostly
invisible,ethereal
disloyal,unfaithful
disloyal,traitorous
disloyal,untrustworthy
disloyal,deceitful
disloyal,disloyalty
disloyal,two-faced
disloyal,unreliable
disloyal,betraying
correct,accurate
correct,precise
correct,exact
correct,right
correct,proper
correct,truthful
wrong,incorrect
wrong,mistaken
wrong,erroneous
wrong,inaccurate
wrong,untrue
wrong,false
wrong,deceptive
wrong,misleading
friendly,cordial
friendly,genial
friendly,warmhearted
friendly,sociable
friendly,approachable
friendly,affable
friendly,congenial
friendly,amiable
helpful,useful
helpful,beneficial
helpful,profitable
helpful,advantageous
helpful,useful
helpful,valuable
helpful,handy
helpful,practical
anxious,eager
anxious,apprehensive
anxious,nervous
anxious,tense
anxious,restless
anxious,worry
anxious,uneasy
anxious,solicitous
generous,bountiful
generous,munificent
generous,charitable
generous,beneficent
generous,philanthropic
generous,liberal
generous,openhearted
generous,generous-hearted
stingy,miserly
stingy,scant
stingy,sparing
stingy,mean
stingy,cheap
stingy,parsimonious
stingy,tightfisted
stingy,penny-pinching
curious,inquisitive
curious,interested
curious,inquiring
curious,pondering
curious,questioning
curious,meddlesome
curious,nosy
curious,snoopy
bored,listless
bored,uninterested
bored,disinterested
bored,apathetic
bored,tired
bored,weary
bored,unenthusiastic
bored,dull
energetic,dynamic
energetic,vigorous
energetic,spunky
energetic,lively
energetic,animated
energetic,zealous
energetic,peppy
energetic,sprightly
hungry,famished
hungry,starving
hungry,ravenous
hungry,empty
hungry,peckish
hungry,yearning
hungry,longing
hungry,desiring
thirsty,parched
thirsty,dry
thirsty,dehydrated
thirsty,arid
thirsty,waterless
thirsty,thirsty
thirsty,craving
thirsty,longing
creative,imaginative
creative,innovative
creative,original
creative,inventive
creative,resourceful
creative,ingenuous
creative,pioneering
creative,groundbreaking
logical,rational
logical,analytical
logical,reasonable
logical,coherent
logical,sequential
logical,pragmatic
logical,methodical
logical,systematic
messy,untidy
messy,disordered
messy,cluttered
messy,random
messy,scrambled
messy,mixed-up
messy,jumbled
messy,chaotic
confident,self-assured
confident,cocksure
confident,positive
confident,self-confident
confident,sure
confident,certain
confident,assured
confident,bold
insecure,vulnerable
insecure,self-doubting
insecure,apprehensive
insecure,nervous
insecure,uncertain
insecure,hesitant
optimistic,positive
optimistic,upbeat
optimistic,buoyant
optimistic,cheerful
optimistic,hopeful
optimistic,confident
optimistic,encouraging
optimistic,sanguine
pessimistic,gloomy
pessimistic,negative
pessimistic,dejected
pessimistic,disheartened
pessimistic,glum
pessimistic,dispirited
pessimistic,despondent
realistic,practical
realistic,down-to-earth
realistic,pragmatic
realistic,feasible
realistic,workable
realistic,sensible
realistic,logical
realistic,reasonable
dependent,contingent
dependent,reliant
dependent,conditional
dependent,unsupported
dependent,subordinate
dependent,auxiliary
dependent,needy
dependent,propped-up
fun,enjoyable
fun,amusing
fun,entertaining
fun,delightful
fun,pleasurable
fun,mirthful
fun,recreative
fun,sprightly
boring,tedious
boring,dreary
boring,monotonous
boring,uninteresting
boring,drab
boring,flat
boring,prosaic
boring,insipid
advanced,sophisticated
advanced,intricate
advanced,complex
advanced,developed
advanced,high-level
advanced,preceding
advanced,early
advanced,proficient
advanced,expert
lucky,fortunate
lucky,blessed
lucky,privileged
lucky,prosperous
lucky,auspicious
lucky,successful
lucky,favored
lucky,generous
ignorant,unaware
ignorant,uninformed
ignorant,naive
ignorant,oblivious
ignorant,dumb
ignorant,uneducated
ignorant,resistant
ignorant,unenlightened
loose,relaxed
loose,slack
loose,lax
loose,free
loose,unfastened
loose,ligamentous
sharp,keen
sharp,acute
sharp,pointed
sharp,penetrating
sharp,cutting
sharp,incisive
sharp,clear
sharp,tart
respectful,courteous
respectful,polite
respectful,deferential
respectful,considerate
respectful,regardful
respectful,esteemed
respectful,honored
respectful,revered
neat,tidy
neat,orderly
neat,crisp
neat,clean
neat,spick-and-span
neat,prim
neat,sleek
neat,swanky
frequent,recurrent
frequent,regular
frequent,continual
frequent,repeated
frequent,common
frequent,persistent
frequent,usual
frequent,constant
temporary,short-term
temporary,transient
temporary,passing
temporary,provisional
temporary,fleeting
temporary,limited
temporary,momentary
temporary,casual
trustworthy,reliable
trustworthy,dependable
trustworthy,honest
trustworthy,credible
trustworthy,plausible
trustworthy,legitimate
trustworthy,genuine
trustworthy,authentic
rational,logical
rational,reasonable
rational,sensible
rational,pragmatic
rational,analytical
rational,methodical
rational,judicious
rational,dispassionate
distant,remote
distant,faraway
distant,far-off
distant,far
distant,outlying
distant,secluded
distant,isolated
sour,acid
sour,acrid
sour,bitter
sour,pungent
sour,sourish
sour,tart
sour,acidic
sour,sharp
fine,excellent
fine,superb
fine,delicate
fine,thin
fine,nice
fine,agreeable
fine,precise
superb,excellent
superb,first-rate
superb,outstanding
superb,top-notch
superb,splendid
superb,admirable
superb,first-class
superb,distinguished
excellent,superb
excellent,outstanding
excellent,fabulous
excellent,marvelous
excellent,top-notch
excellent,first-rate
excellent,splendid
worthy,meritorious
worthy,deserving
worthy,esteemed
worthy,valuable
worthy,excellent
worthy,respectable
capable,competent
capable,skilled
capable,qualified
capable,proficient
capable,able
capable,efficient
capable,potent
capable,potential
fresh,new
fresh,original
fresh,pristine
fresh,primal
fresh,pure
fresh,clean
fresh,clear
fresh,recent
original,primary
original,initial
original,first
original,innate
original,native
original,authentic
original,genuine
original,pioneering
additional,extra
additional,supplementary
additional,further
additional,furthermore
additional,additionalness
additional,extraary
additional,furthermost
additional,subsequent
inaugural,first
inaugural,initial
inaugural,maiden
inaugural,opening
inaugural,premier
inaugural,preliminary
preeminent,supreme
preeminent,distinguished
preeminent,eminent
preeminent,leading
preeminent,top
preeminent,foremost
preeminent,paramount
preeminent,premier
primal,primitive
primal,elementary
primal,basic
primal,fundamental
primal,original
primal,natural
primal,instinctive
primal,visceral
ultimate,final
ultimate,last
ultimate,extreme
ultimate,supreme
ultimate,uttermost
ultimate,maximal
ultimate,optimal
ultimate,quintessential
ending,closure
ending,conclusion
ending,finish
ending,termination
ending,end
ending,stop
ending,completion
ending,close
concluding,ending
concluding,final
concluding,last
concluding,terminal
concluding,conclusive
concluding,decisive
concluding,settling
concluding,ultimate
eventual,inevitable
eventual,ultimate
eventual,final
eventual,sure
eventual,certain
eventual,pending
eventual,ensuing
eventual,resulting
extended,prolonged
extended,expanded
extended,extendedly
extended,lengthened
extended,protracted
extended,span
extended,stretched
extended,continued
uninterrupted,constant
uninterrupted,continuous
uninterrupted,unbroken
uninterrupted,unceasing
uninterrupted,unmitigated
uninterrupted,unremitting
uninterrupted,steady
uninterrupted,unrelenting
large,substantial
large,sizeable
large,extensive
large,ample
large,massive
large,significant
large,generous
large,bulky
significant,substantial
significant,sizeable
significant,notable
significant,consequential
significant,serious
significant,important
significant,large
significant,meaningful
major,main
major,primary
major,significant
major,substantial
major,large
major,great
major,dominant
major,prevailing
massive,huge
massive,extensive
massive,large
massive,gigantic
massive,bulky
massive,colossal
massive,massy
massive,monumental
massive,prodigious
massive,tremendous
small,tiny
small,little
small,petite
small,minuscule
small,modest
small,insignificant
small,diminutive
small,meager
tiny,minuscule
tiny,infinitesimal
tiny,tiny
tiny,wee
tiny,Lilliputian
tiny,diminutive
tiny,microscopic
tiny,petite
minor,slight
minor,small
minor,insignificant
minor,petty
minor,minuscule
minor,negligible
minor,modest
minor,lowly
slight,trivial
slight,minor
slight,small
slight,insignificant
slight,slender
slight,feeble
petite,small
petite,tiny
petite,miniature
petite,diminutive
petite,compact
petite,bantam
petite,modest
petite,slender
insignificant,trivial
insignificant,unimportant
insignificant,negligible
insignificant,minor
insignificant,petty
insignificant,small
insignificant,modest
insignificant,lowly
modest,humble
modest,unassuming
modest,shy
modest,low-key
modest,meek
modest,unpretentious
modest,moderate
modest,limited
limited,restricted
limited,constrained
limited,small
limited,finite
limited,bounded
limited,slight
limited,modest
limited,meager
proper,correct
proper,appropriate
proper,suitable
proper,fitting
proper,right
proper,legitimate
proper,conformable
proper,decorous
legitimate,legal
legitimate,authentic
legitimate,genuine
legitimate,lawful
legitimate,valid
legitimate,conformable
legitimate,rightful
legitimate,justifiable
legitimate,sanctioned
accurate,precise
accurate,exact
accurate,correct
accurate,right
accurate,faithful
accurate,trustworthy
accurate,meticulous
accurate,careful
exact,precise
exact,strict
exact,specific
exact,accurate
exact,definite
exact,exacting
exact,meticulous
exact,fastidious
precise,exact
precise,accurate
precise,specific
precise,specifically
precise,definite
precise,clear-cut
precise,clear
precise,unambiguous
large,extensive
large,sizeable
large,spacious
large,substantial
large,significant
large,generous
large,bulky
large,large-scale
sizeable,substantial
sizeable,significant
sizeable,large
sizeable,considerable
sizeable,generous
sizeable,fair
sizeable,ample
sizeable,sizeablely
sizeable,sizable
sizeable,massive
substantial,sizeable
substantial,significant
substantial,considerable
substantial,large
substantial,generous
substantial,substantive
substantial,solid
substantial,chunky
significant,substantial
significant,sizeable
significant,notable
significant,consequential
significant,serious
significant,important
significant,large
significant,major
massive,huge
massive,colossal
massive,gigantic
massive,extensive
massive,large
massive,massy
massive,monumental
massive,prodigious
massive,sizeable
gigantic,colossal
gigantic,massive
gigantic,humongous
gigantic,enormous
gigantic,gargantuan
gigantic,monumental
gigantic,tremendous
gigantic,prodigious
elevated,high
elevated,raised
elevated,lofty
elevated,heightened
elevated,exalted
elevated,noble
elevated,proud
elevated,advanced
lofty,high
lofty,elevated
lofty,exalted
lofty,noble
lofty,proud
lofty,grand
lofty,sublime
exalted,esteemed
exalted,high-ranking
exalted,lofty
exalted,noble
exalted,proud
exalted,respected
exalted,venerable
skyward,upward
skyward,uphill
skyward,highward
skyward,ascendant
skyward,ascending
skyward,elevated
skyward,rising
skyward,soaring
distinct,clear
distinct,separate
distinct,defined
distinct,discrete
distinct,marked
distinct,stark
distinct,palpable
distinct,pronounced
dissimilar,distinct
dissimilar,different
dissimilar,divergent
dissimilar,unlike
dissimilar,unequal
dissimilar,varied
dissimilar,contrasting
dissimilar,disparate
separate,distinct
separate,divorced
separate,isolated
separate,differentiated
separate,segregated
separate,autonomous
separate,unconnected
little,small
little,tiny
little,minute
little,slight
little,insignificant
little,modest
little,petite
little,limited
tiny,minuscule
tiny,infinitesimal
tiny,teeny
tiny,wee
tiny,diminutive
tiny,petite
tiny,small
tiny,insignificant
minute,tiny
minute,infinitesimal
minute,insignificant
minute,negligible
minute,petty
minute,slender
minute,narrow
minute,dim
minute,tiny-scale
minute,brief
slight,tiny
slight,little
slight,small
slight,minor
slight,insignificant
slight,trifling
slight,negligible
slight,low-grade
modest,humble
modest,unassuming
modest,shy
modest,low-key
modest,meek
modest,unpretentious
modest,moderate
modest,restrained
insignificant,unimportant
insignificant,trivial
insignificant,negligible
insignificant,minuscule
insignificant,petty
insignificant,small
insignificant,slight
insignificant,meaningless
extensive,broad
extensive,expansive
extensive,extensivesive
extensive,exhaustive
extensive,comprehensive
extensive,exhaustive
extensive,thorough
extensive,wide-ranging
spacious,ample
spacious,large
spacious,roomy
spacious,capacious
spacious,commodious
spacious,extensive
spacious,generous
spacious,wide
massive,huge
massive,gigantic
massive,colossal
massive,extensive
massive,large
massive,great
massive,massy
massive,bulky
bulky,large
bulky,hefty
bulky,massive
bulky,sized
bulky,voluminous
bulky,ponderous
quick,fast
quick,swift
quick,prompt
quick,hasty
quick,speedy
quick,rapid
quick,instant
quick,abrupt
timely,prompt
timely,opportune
timely,seasonable
timely,punctual
timely,fitting
timely,suitable
timely,well-timed
timely,just-in-time
juvenile,immature
juvenile,young
juvenile,adolescent
juvenile,childish
juvenile,inexperienced
juvenile,new
juvenile,fledgling
juvenile,tender
adolescent,teenage
adolescent,young
adolescent,youthful
adolescent,juvenile
adolescent,immature
adolescent,pubescent
adolescent,minor
adolescent,minority
adolescent,nonadult
tender,gentle
tender,sensitive
tender,delicate
tender,soft
tender,gracious
tender,kind
tender,compassionate
tender,caring
verdant,green
verdant,lush
verdant,grassty
verdant,greensward
verdant,herbal
verdant,uncut
verdant,leafy
verdant,rank
significant,substantial
significant,sizeable
significant,notable
significant,consequential
significant,large
significant,meaningful
significant,serious
significant,weighty
consequential,significant
consequential,substantial
consequential,momentous
consequential,serious
consequential,major
consequential,impactful
consequential,weighty
consequential,hefty
critical,crucial
critical,essential
critical,pivotal
critical,paramount
critical,vital
critical,consequential
critical,important
critical,significant
essential,crucial
essential,indispensable
essential,necessary
essential,vital
essential,fundamental
essential,key
essential,primordial
essential,core
paramount,chief
paramount,preeminent
paramount,dominant
paramount,leading
paramount,top
paramount,utmost
paramount,principal
paramount,overriding
key,essential
key,critical
key,fundamental
key,primary
key,pivotal
key,central
key,indispensable
key,crucial
open,unfastened
open,untied
open,ajar
open,clear
open,unclosed
open,exposed
open,patent
open,unlocked
community,society
community,group
community,society
community,neighborhood
community,collective
collective,communal
collective,joint
collective,shared
collective,common
collective,unified
collective,cooperative
collective,societal
collective,global
shared,joint
shared,common
shared,communal
shared,collective
shared,unified
shared,conjoint
shared,sharedness
shared,cooperative
popular,fashionable
popular,well-liked
popular,prevalent
popular,common
popular,celebrated
popular,famous
popular,well-known
popular,trendy
popular,voguish
global,worldwide
global,universal
global,general
global,international
global,comprehensive
global,comprehensive
global,planetary
global,worldwide
global,universal
global,general
global,international
global,comprehensive
broad,wide
broad,extensive
broad,large
broad,spacious
broad,ample
broad,general
broad,comprehensive
broad,far-reaching
comprehensive,thorough
comprehensive,extensive
comprehensive,complete
comprehensive,exhaustive
comprehensive,wide-ranging
comprehensive,full
comprehensive,broad
comprehensive,detailed
all-encompassing,comprehensive
all-encompassing,extensive
all-encompassing,inclusive
all-encompassing,broad
all-encompassing,total
all-encompassing,wide-ranging
all-encompassing,omnibus
all-encompassing,general
all-encompassing,holistic
all-encompassing,pervasive
clear,obvious
clear,transparent
clear,evident
clear,lucid
clear,unmistakable
clear,pellucid
assertive,bold
assertive,confident
assertive,decisive
assertive,forceful
assertive,positive
assertive,strong-willed
assertive,vehement
assertive,vigorous
unbound,liberated
unbound,free
unbound,unfettered
unbound,unrestrained
unbound,unattached
unbound,loose
unfettered,free
unfettered,unrestrained
unfettered,unfettereded
unfettered,uninhibited
unfettered,liberated
unfettered,unshackled
unfettered,unbound
unfettered,atlarge
wholehearted,enthusiastic
wholehearted,earnest
wholehearted,sincere
wholehearted,ardent
wholehearted,vehement
wholehearted,passionate
wholehearted,devoted
wholehearted,all-out
undivided,entire
undivided,single
undivided,whole
undivided,unbroken
undivided,uninterrupted
undivided,solid
undivided,wholesale
undivided,complete
wholesale,widespread
wholesale,mass
wholesale,bulk
wholesale,general
wholesale,large-scale
wholesale,retail
wholesale,ocomplete
wholesale,total
abridged,shortened
abridged,condensed
abridged,reduced
abridged,cut
abridged,trimmed
abridged,pruned
abridged,curtailed
abridged,abbreviated
scant,meager
scant,sparse
scant,skimpful
scant,inadequate
scant,spartan
scant,meagre
scant,deficient
scant,scarce
effortless,easy
effortless,fluent
effortless,graceful
effortless,natural
effortless,smooth
effortless,unstrained
undemanding,easy
undemanding,effortless
undemanding,simple
undemanding,straightforward
undemanding,unpressured
undemanding,relaxed
undemanding,tranquil
undemanding,modest
straightforward,direct
straightforward,simple
straightforward,uncomplicated
straightforward,clear
straightforward,candid
straightforward,frank
straightforward,honest
straightforward,unambiguous
powerful,mighty
powerful,potent
powerful,strong
powerful,influential
powerful,authoritative
powerful,potentate
powerful,commanding
powerful,robust
potent,powerful
potent,strong
potent,effective
potent,strongful
potent,robust
potent,potable
potent,effectiveful
potent,pithy
vigorous,strong
vigorous,energetic
vigorous,dynamic
vigorous,robust
vigorous,strenuous
vigorous,hearty
vigorous,powerful
vigorous,zealous
mighty,powerfully
mighty,magnificent
mighty,strong
mighty,potent
mighty,grand
mighty,proud
mighty,great
mighty,mighty
mighty,venerable
sturdy,solid
sturdy,firm
sturdy,strong
sturdy,robust
sturdy,durable
sturdy,secure
sturdy,well-built
sturdy,fortified
tenacious,persistent
tenacious,determined
tenacious,resolute
tenacious,stubborn
tenacious,obstinate
tenacious,firm
tenacious,unyielding
tenacious,recalcitrant
extraordinary,remarkable
extraordinary,exceptional
extraordinary,outstanding
extraordinary,distinctive
extraordinary,unusual
extraordinary,notable
extraordinary,uncommon
extraordinary,remarkableable
unique,singular
unique,special
unique,unparalleled
unique,exceptional
unique,distinctive
unique,original
unique,unequaled
unique,peerless
unusual,strange
unusual,odd
unusual,peculiar
unusual,quaint
unusual,rare
unusual,uncommon
unusual,exceptional
unusual,abnormal
notable,famous
notable,renowned
notable,distinguished
notable,celebrated
notable,eminent
notable,conspicuous
notable,prominent
notable,significant
exceptional,extraordinary
exceptional,remarkable
exceptional,notable
exceptional,distinctive
exceptional,unusual
exceptional,outstanding
exceptional,preeminent
exceptional,spokenful
preeminent,superior
preeminent,distinguished
preeminent,eminent
preeminent,leading
preeminent,top
preeminent,foremost
preeminent,paramount
preeminent,pre-eminent
unmistakable,clear
unmistakable,distinct
unmistakable,evident
unmistakable,marked
unmistakable,obvious
unmistakable,plain
unmistakable,positive
unmistakable,conspicuous
pellucid,clear
pellucid,transparent
pellucid,limpid
pellucid,diaphanous
pellucid,crystalline
pellucid,pure
pellucid,bright
pellucid,shining
overdue,late
overdue,delayed
overdue,pastdue
overdue,overriddue
overdue,outstanding
overdue,unpaid
posthumous,afterdeath
posthumous,posthum
posthumous,postmortem
posthumous,postfuneral
posthumous,retrospective
posthumous,followingdeath
posthumous,deceased
posthumous,afterdead
recent,modern
recent,new
recent,current
recent,late
recent,past
recent,fresh
recent,latest
recent,recently
solo,unaccompanied
solo,lone
solo,single
solo,solitary
solo,one
solo,separate
solo,singular
separate,distinct
separate,divorced
separate,isolated
separate,different
separate,segregated
separate,autonomous
unmarried,single
unmarried,unattached
unmarried,unwed
unmarried,bachelor
unmarried,spinster
unmarried,unencumbered
unmarried,solitary
unmarried,unlinked
clinical,clinical
clinical,diagnostic
clinical,precise
clinical,methodical
clinical,technical
clinical,scientific
clinical,sterile
clinical,impersonal
healing,curative
healing,restorative
healing,convalescent
healing,medicinal
healing,recovering
healing,remedial
healing,salubrious
healing,therapeutic
hospitable,welcoming
hospitable,cordial
hospitable,friendly
hospitable,gracious
hospitable,genial
hospitable,kind
hospitable,accommodating
hospitable,inviting
nosological,medical
nosological,pathological
nosological,clinical
nosological,disease-related
nosological,healthcare-related
nosological,medicalistic
key,essential
key,critical
key,fundamental
key,primary
key,pivotal
key,central
key,indispensable
key,clue
pivotal,crucial
pivotal,key
pivotal,essential
pivotal,vital
pivotal,critical
pivotal,decisive
pivotal,turning
pivotal,paramount
core,heart
core,center
core,essence
core,fundamental
core,basic
core,primary
core,central
core,key
principal,main
principal,chief
principal,leading
principal,primary
principal,preeminent
principal,key
principal,major
principal,topmost
middle,center
middle,midst
middle,heart
middle,core
middle,midpoint
middle,intermediate
middle,midway
middle,median
significant,substantial
significant,sizeable
significant,consequential
significant,notable
significant,large
significant,great
significant,serious
significant,major
main,primary
main,central
main,major
main,leading
main,principal
main,chief
main,foremost
main,preeminent
great,enormous
great,large
great,massive
great,sizeable
great,significant
content,satisfied
content,pleased
content,happy
content,gratified
content,contented
content,fulfilled
content,quiet
content,tranquil
delighted,pleased
delighted,charmed
delighted,gratified
delighted,content
delighted,joyful
delighted,ecstatic
satisfied,fulfilled
satisfied,content
satisfied,pleased
satisfied,gratified
satisfied,quelled
satisfied,met
satisfied,suitable
satisfied,complacent
glad,pleased
glad,delighted
glad,joyful
glad,cheerful
glad,content
glad,happy
glad,satisfied
prepared,readied
prepared,primed
prepared,groomed
prepared,mobilized
prepared,organized
set,establish
set,fix
set,install
set,place
set,position
set,arrange
set,determine
set,devise
willing,voluntary
willing,eager
willing,ready
willing,disposed
willing,amenable
willing,prepared
willing,open
willing,keen
finished,complete
finished,done
finished,terminated
finished,concluded
finished,ended
finished,full-stopped
ecological,environmental
ecological,natural
ecological,green
ecological,conservationist
ecological,biodiverse
ecological,sustainable
ecological,holistic
ecological,organic
natural,inherent
natural,innate
natural,spontaneous
natural,normal
natural,typical
natural,authentic
natural,original
natural,pure
conservationist,environmentalist
conservationist,preservationist
conservationist,naturalist
conservationist,ecologist
conservationist,savekeeper
conservationist,protectionist
conservationist,sustainabilist
plant-friendly,verdant
plant-friendly,flora-loving
plant-friendly,green
plant-friendly,plant-adoring
plant-friendly,nature-friendly
plant-friendly,greenery-friendly
first,primary
first,initial
first,preliminary
first,foremost
first,chief
first,beginning
first,maiden
first,opening
unparalleled,unique
unparalleled,peerless
unparalleled,matchless
unparalleled,unmatched
unparalleled,unprecedented
unparalleled,nonexistent
unparalleled,singular
unparalleled,unrivaled
electric,sparkling
electric,dynamic
electric,vibrant
electric,volatile
electric,invigorating
electric,stimulating
voltagic,electric
voltagic,electrical
voltagic,energetic
voltagic,dynamic
voltagic,potent
voltagic,charged
voltagic,stimulating
voltagic,invigorating
current,present
current,prevailing
current,running
current,actual
current,existing
current,up-to-date
current,contemporary
current,ongoing
galvanic,electric
galvanic,voltaic
galvanic,electromotive
galvanic,dynamic
galvanic,stimulating
galvanic,vital
galvanic,invigorating
galvanic,animating
costly,expensive
costly,high-priced
costly,exorbitant
costly,steep
costly,dear
costly,onerous
costly,extortionate
costly,overpriced
costly,unaffordable
high-priced,expensive
high-priced,costly
high-priced,pricey
high-priced,extravagant
high-priced,steep
high-priced,overpriced
high-priced,exorbitant
high-priced,high-cost
steep,sharp
steep,high
steep,precipitous
steep,pronounced
steep,sheer
steep,drastic
steep,extreme
extravagant,lavish
extravagant,exuberant
extravagant,profuse
extravagant,ostentatious
extravagant,decadent
extravagant,opulent
extravagant,sumptuous
extravagant,grandiose
pricy,expensive
pricy,high-priced
pricy,costly
pricy,steep
pricy,overpriced
pricy,dear
pricy,extravagant
pricy,exorbitant
scholarly,erudite
scholarly,learned
scholarly,knowledgeable
scholarly,scholastic
scholarly,intellectual
scholarly,academic
scholarly,bookish
scholarly,literary
learned,knowledgeable
learned,educated
learned,scholarly
learned,erudite
learned,informed
learned,studious
learned,intelligent
learned,wise
intellectual,intelligent
intellectual,brainy
intellectual,smart
intellectual,scholarly
intellectual,erudite
intellectual,profound
intellectual,thoughtful
intellectual,wise
pedagogical,educational
pedagogical,instructional
pedagogical,teaching
pedagogical,didactic
pedagogical,academic
pedagogical,scholarly
pedagogical,heuristic
pedagogical,tutelary
supplementary,additional
supplementary,extra
supplementary,further
supplementary,furthermore
supplementary,furthermoremore
supplementary,secondary
supplementary,subsidiary
supplementary,auxiliary
further,additional
further,furthermore
further,supplementary
further,furtherance
further,extending
further,progressive
further,advanced
further,enhanced
extra,additional
extra,further
extra,furthermore
extra,extraordinary
extra,furthermost
extra,supererogatory
extra,supplementary
extra,bonus
additionalwise,extra
additionalwise,further
additionalwise,furthermore
additionalwise,moreover
additionalwise,additional
additionalwise,supplementary
additionalwise,furthermost
additionalwise,ultterior
furthermoremore,additionally
furthermoremore,moreover
furthermoremore,furthermore
furthermoremore,likewise
furthermoremore,further
furthermoremore,consequently
furthermoremore,hence
furthermoremore,thus
furthermoremore,accordingly
cozy,comfy
cozy,snug
cozy,cozyish
cozy,warm
cozy,intimate
cozy,snuggly
cozy,comfortable
cozy,homey
secure,safe
secure,protected
secure,confident
secure,firm
secure,stable
secure,sure
secure,unassailable
secure,fortified
congenial,agreeable
congenial,pleasant
congenial,compatible
congenial,suitable
congenial,amiable
congenial,cordial
congenial,friendly
congenial,delightful
pleasant,agreeable
pleasant,pleasing
pleasant,delightful
pleasant,charming
pleasant,nice
pleasant,enjoyable
pleasant,pleasurable
pleasant,gratifying
satisfactory,acceptable
satisfactory,passable
satisfactory,adequate
satisfactory,reasonable
satisfactory,sufficient
satisfactory,suitable
satisfactory,fit
satisfactory,meet
satisfactory,passable
satisfactory,up-to-scratch
main,primary
main,leading
main,chief
main,major
main,principal
main,central
main,foremost
main,paramount
chief,principal
chief,primary
chief,leading
chief,main
chief,major
chief,superior
chief,preeminent
chief,paramount
fundamental,essential
fundamental,basic
fundamental,core
fundamental,critical
fundamental,key
fundamental,primary
fundamental,elementary
fundamental,underlying
key,essential
key,critical
key,central
key,fundamental
key,primordial
key,pivotal
key,clutch
key,keyful
primary,main
primary,chief
primary,foremost
primary,leading
primary,principal
primary,preeminent
primary,initial
primary,basic
principal,main
principal,chief
principal,primary
principal,leading
principal,head
principal,key
principal,preeminent
principal,major
skilled,Expert
skilled,proficient
skilled,competent
skilled,adept
skilled,polished
skilled,seasoned
skilled,veteran
skilled,adroit
expert,skilled
expert,proficient
expert,experienced
expert,specialist
expert,authority
expert,adept
expert,virtuoso
expert,maestro
experienced,skilled
experienced,seasoned
experienced,veteran
experienced,well-versed
experienced,proficient
experienced,knowledgeable
experienced,wise
qualified,competent
qualified,experienced
qualified,skilled
qualified,trained
qualified,proficient
qualified,authorized
qualified,certified
qualified,licensed
dedicated,devoted
dedicated,diligent
dedicated,zealous
dedicated,passionate
dedicated,ardent
dedicated,committed
dedicated,resolute
dedicated,unwavering
ancient,antique
ancient,old
ancient,long-standing
ancient,time-honored
ancient,bygone
ancient,medieval
ancient,primitive
ancient,archaic
former,previous
former,past
former,formerly
former,once
former,before
former,earlier
former,quondam
former,alias
antique,aged
antique,vintage
antique,classic
antique,historic
antique,old-fashioned
antique,timeworn
antique,heirloom
antique,collectible
traditional,conventional
traditional,customary
traditional,classic
traditional,typical
traditional,orthodox
traditional,old-fashioned
traditional,established
traditional,normal
traditional,usual
mindful,attentive
mindful,conscious
mindful,heedful
mindful,considerate
mindful,perceptive
mindful,sensitive
mindful,thoughtful
mindful,wary
neural,neuronal
neural,cerebral
neural,nervous
neural,cerebral
neural,neurological
neural,brain
neural,mind
neural,cerebrum
cognitive,intellectual
cognitive,mental
cognitive,perceptive
cognitive,conceptual
cognitive,thinking
cognitive,understanding
cognitive,analytical
cognitive,reasoning
intellectual,intelligent
intellectual,brainy
intellectual,smart
intellectual,scholarly
intellectual,erudite
intellectual,profound
intellectual,wise
intellectual,cerebral
conscious,aware
conscious,mindful
conscious,alert
conscious,sentient
conscious,cognizant
conscious,perceptive
logical,rational
logical,analytical
logical,reasonable
logical,coherent
logical,sequential
logical,pragmatic
logical,methodical
logical,systematic
sensible,reasonable
sensible,practical
sensible,logical
sensible,wise
sensible,judicious
sensible,thoughtful
sensible,prudent
sensible,intelligent
moderate,mild
moderate,temperate
moderate,reasonable
moderate,limited
moderate,controlled
moderate,measured
moderate,mediocre
moderate,average
fair,unbiased
fair,just
fair,equitable
fair,impartial
fair,neutral
fair,objective
fair,evenhanded
fair,fair-minded
realistic,practical
realistic,pragmatic
realistic,down-to-earth
realistic,feasible
realistic,sensible
realistic,logical
realistic,reasonable
realistic,unidealistic
practical,useful
practical,applicable
practical,feasible
practical,serviceable
practical,workable
practical,utile
practical,handy
practical,pragmatic
correct,accurate
correct,precise
correct,exact
correct,right
correct,proper
correct,true
correct,faithful
correct,authentic
faithful,loyal
faithful,constant
faithful,devoted
faithful,reliable
faithful,stalwart
faithful,steadfast
faithful,true
faithful,trusty
right,correct
right,proper
right,suitable
right,fitting
right,appropriate
right,accurate
right,precise
right,exact
trustworthy,reliable
trustworthy,honest
trustworthy,dependable
trustworthy,credible
trustworthy,principled
trustworthy,integritable
trustworthy,stable
trustworthy,truthful
crucial,critical
crucial,decisive
crucial,essential
crucial,vital
crucial,key
crucial,pivotal
crucial,paramount
crucial,fundamental
pivotal,crucial
pivotal,key
pivotal,essential
pivotal,vital
pivotal,critical
pivotal,decisive
pivotal,turning
pivotal,paramount
key,vital
key,essential
key,crucial
key,central
key,primary
key,fundamental
paramount,chief
paramount,primary
paramount,top
paramount,leading
paramount,predominant
paramount,preeminent
paramount,supreme
paramount,overriding
consequential,significant
consequential,substantial
consequential,serious
consequential,major
consequential,momentous
consequential,impactful
consequential,high-stakes
consequential,weighty
productive,efficient
productive,fruitful
productive,profitable
productive,bountiful
productive,yielding
productive,remunerative
productive,gainful
productive,utilitarian
effective,powerful
effective,strong
effective,potent
effective,influential
effective,proficient
effective,successful
effective,efficient
effective,workable
proficient,skilled
proficient,competent
proficient,experienced
proficient,qualified
proficient,adept
proficient,expert
proficient,polished
proficient,versed
terse,concise
terse,succinct
terse,laconic
terse,pithy
terse,compressed
terse,sparing
terse,compact
terse,economical
thrifty,economical
thrifty,sparing
thrifty,frugal
thrifty,careful
thrifty,prudent
thrifty,saveful
thrifty,tight
thrifty,wise
economical,thrifty
economical,sparing
economical,frugal
economical,efficient
economical,profitably
economical,productive
economical,conserving
economical,practical
lawful,legitimate
lawful,legitimate
lawful,legal
lawful,licit
lawful,allowed
lawful,sanctioned
lawful,conformable
lawful,permissible
licit,legal
licit,legitimate
licit,lawful
licit,authentic
licit,valid
licit,sanctioned
licit,permitted
licit,conformable
admissible,acceptable
admissible,allowable
admissible,legal
admissible,legitimate
admissible,permissible
admissible,proper
admissible,sanctioned
admissible,valid
allowable,feasible
allowable,acceptable
allowable,licensed
allowable,permissible
allowable,possible
allowable,reasonable
allowable,legitimate
allowable,lawful
conformable,suitable
conformable,appropriate
conformable,fitting
conformable,adjustable
conformable,adaptable
conformable,compatible
conformable,correspondent
conformable,harmonious
domestic,homebound
domestic,household
domestic,familial
domestic,internal
domestic,national
domestic,homegrown
domestic,homely
domestic,hearthside
homebound,housebound
homebound,confined
homebound,restricted
homebound,shut-in
homebound,stationary
homebound,immobile
habitational,residential
habitational,dwelling
habitational,inhabitual
habitational,domiciliary
habitational,habitat
habitational,residentiality
habitational,abode
habitational,habitation
domicile,residence
domicile,abode
domicile,home
domicile,house
domicile,quarters
domicile,lodging
domicile,dwelling
domicile,place
adorable,charming
adorable,delightful
adorable,cute
adorable,endearing
adorable,lovable
adorable,snuggleable
adorable,wintry
adorable,fetching
endearing,charming
endearing,lovable
endearing,adorable
endearing,captivating
endearing,winning
endearing,heartwarming
endearing,pleasing
endearing,delightful
delightful,charming
delightful,pleasant
delightful,delightful
delightful,enchanting
delightful,alluring
delightful,gratifying
delightful,picturesque
delightful,enticing
courteous,polite
courteous,respectful
courteous,polished
courteous,well-mannered
courteous,considerate
courteous,attentive
courteous,gracious
courteous,deferential
polite,courteous
polite,respectful
polite,mannerly
polite,well-mannered
polite,decorous
polite,genteel
polite,refined
polite,polished
orderly,systematic
orderly,methodical
orderly,organized
orderly,regulated
orderly,neat
orderly,orderly
orderly,coordinated
orderly,planned
proper,correct
proper,appropriate
proper,suitable
proper,acceptable
proper,fitting
proper,legitimate
proper,right
proper,correctful
respectful,courteous
respectful,polite
respectful,deferential
respectful,considerate
respectful,attentive
respectful,gracious
respectful,proper
respectful,reverent
famous,renowned
famous,celebrated
famous,noted
famous,eminent
famous,distinguished
famous,famed
famous,acclaimed
famous,illustrious
prevalent,widespread
prevalent,common
prevalent,rampant
prevalent,pervasive
prevalent,general
prevalent,extensive
prevalent,ubiquitous
prevalent,recurrent
popularize,propagate
popularize,promote
popularize,spread
popularize,further
popularize,broaden
popularize,circulate
popularize,proliferate
popularize,familiarize
intricate,complex
intricate,complicated
intricate,delicate
intricate,detailed
intricate,multi-faceted
intricate,ornate
intricate,puzzling
intricate,sinuous
scientific,factual
scientific,evidence-based
scientific,scholarly
scientific,empirical
scientific,precise
scientific,systematic
scientific,methodical
scientific,researched
engineering,design
engineering,technology
engineering,construction
engineering,craftsmanship
engineering,application
engineering,development
engineering,fabrication
engineering,implementation
professional,skilled
professional,experienced
professional,expert
professional,qualified
professional,specialised
professional,specialised
professional,specialist
professional,workmanlike
apt,suitable
apt,fitting
apt,appropriate
apt,proper
apt,pertinent
apt,admissible
apt,corresponding
apt,congruous
proper,correct
proper,suitable
proper,appropriate
proper,fitting
proper,legitimate
proper,right
proper,conformable
proper,decorous
correct,accurate
correct,precise
correct,exact
correct,right
correct,proper
correct,valid
correct,truthful
correct,faithful
crucial,pivotal
crucial,critical
crucial,key
crucial,decisive
crucial,essential
crucial,vital
crucial,paramount
crucial,fundamental
indispensable,essential
indispensable,vital
indispensable,crucial
indispensable,necessary
indispensable,fundamental
indispensable,critical
indispensable,prerequisite
indispensable,paramount
vital,essential
vital,critical
vital,crucial
vital,pivotal
vital,key
vital,fundamental
vital,indispensable
vital,paramount
key,essential
key,critical
key,central
key,primary
key,pivotal
key,fundamental
key,indispensable
key,keyful
paramount,chief
paramount,preeminent
paramount,dominant
paramount,leading
paramount,top
paramount,utmost
paramount,prime
paramount,supreme
noteworthy,remarkable
noteworthy,significant
noteworthy,distinctive
noteworthy,impressive
noteworthy,memorable
noteworthy,conspicuous
noteworthy,outstanding
noteworthy,special
exceptional,extraordinary
exceptional,outstanding
exceptional,distinctive
exceptional,notable
exceptional,remarkable
exceptional,preeminent
exceptional,spherical
exceptional,unusual
outstanding,notable
outstanding,exceptional
outstanding,distinct
outstanding,preeminent
outstanding,superior
outstanding,excellent
outstanding,remarkable
outstanding,notable
distinctive,unique
distinctive,special
distinctive,individual
distinctive,identifiable
distinctive,striking
distinctive,notable
distinctive,original
distinctive,uncommon
impressive,magnificent
impressive,stunning
impressive,remarkable
impressive,notable
impressive,significant
impressive,outstanding
memorable,remarkable
memorable,notable
memorable,unforgettable
memorable,outstanding
memorable,memstant
memorable,exceptional
memorable,distinctive
memorable,significant
unusual,uncommon
unusual,rare
unusual,odd
unusual,strange
unusual,peculiar
unusual,exceptional
unusual,abnormal
unusual,quirkish
blaring,loud
blaring,booming
blaring,clanging
blaring,shrill
blaring,deafening
blaring,resounding
blaring,bellowing
strident,loud
strident,harsh
strident,shrill
strident,clamorous
strident,stridentful
strident,blaring
strident,screaming
strident,vociferous
voluminous,copious
voluminous,ample
voluminous,spacious
voluminous,extensive
voluminous,bulky
voluminous,massive
voluminous,profuse
voluminous,large
fortissimo,loud
fortissimo,strong
fortissimo,powerful
fortissimo,intense
fortissimo,forceful
fortissimo,emphatic
fortissimo,strongly
fortissimo,heavy
lofty,tall
lofty,high
lofty,elevated
lofty,proud
lofty,exalted
lofty,noble
lofty,grand
lofty,premier
high,elevated
high,tall
high,lofty
high,high-pitched
high,fine
high,exalted
skyscraping,soaring
skyscraping,lofty
skyscraping,towering
skyscraping,high-rise
skyscraping,highrise
skyscraping,sky-high
skyscraping,skyhigh
skyscraping,vertiginous
towering,lofty
towering,skyscraping
towering,soaring
towering,elevated
towering,high-rise
towering,pinnacle
towering,peaking
towering,eminent
pithy,succinct
pithy,terse
pithy,concise
pithy,punchy
pithy,compact
pithy,pointed
pithy,pungent
pithy,sententious
scanty,meager
scanty,sparse
scanty,skimpful
scanty,inadequate
scanty,insufficient
scanty,deficient
scanty,spartan
scanty,meagre
meager,scanty
meager,inadequate
meager,limited
meager,poor
meager,small
meager,slender
meager,skinny
meager,meagrely
broad,wide
broad,extensive
broad,ample
broad,large
broad,spacious
broad,general
broad,comprehensive
broad,far-reaching
spacious,roomy
spacious,ample
spacious,large
spacious,broad
spacious,expansive
spacious,open
spacious,vast
spacious,unconfined
sizeable,substantial
sizeable,significant
sizeable,large
sizeable,considerable
sizeable,fair
sizeable,generous
sizeable,sizeablely
sizeable,ampler
sizeable,sizable
sizeable,massive
obese,overweight
obese,corpulent
obese,heavyset
obese,obese
obese,weighty
obese,stout
obese,fat
obese,paunchy
corpulent,obese
corpulent,overweight
corpulent,stout
corpulent,hefty
corpulent,plyful
corpulent,fat
corpulent,portly
corpulent,corpulent
corpulent,big
corpulent,large
big,large
big,substantial
big,considerable
big,sizeable
big,extensive
big,massive
big,grand
big,significant
paunchy,potbellied
paunchy,beer-bellied
paunchy,plump
paunchy,corpulent
paunchy,overweight
paunchy,stout
paunchy,chubby
paunchy,hefty
slim,thin
slim,lean
slim,lanky
slim,skinny
slim,slender
slim,lithe
slim,gaunt
slim,sparse
lean,thin
lean,lank
lean,leaning
lean,slender
lean,spare
lean,gaunt
skinny,thin
skinny,slender
skinny,lean
skinny,lanky
skinny,scrawny
skinny,spindly
skinny,underweight
skinny,willowy
feeble,weak
feeble,flimsy
feeble,pathetic
feeble,powerless
feeble,frail
feeble,wavering
feeble,shaky
feeble,vulnerable
firm,resolute
firm,steady
firm,tenacious
firm,stable
firm,determined
firm,unyielding
feeble,weak
feeble,flimsy
feeble,frail
feeble,shaky
feeble,pathetical
feeble,insignificant
feeble,powerless
feeble,vulnerable
flimsy,frail
flimsy,insubstantial
flimsy,weak
flimsy,shoddy
flimsy,tenuous
flimsy,rickety
flimsy,feeble
flimsy,wafer-thin
ineffectual,weak
ineffectual,feeble
ineffectual,inefficient
ineffectual,unproductive
ineffectual,pointless
ineffectual,futile
ineffectual,inadequate
ineffectual,insufficient
insubstantial,thin
insubstantial,flimsy
insubstantial,feeble
insubstantial,weak
insubstantial,vague
insubstantial,light
insubstantial,slight
insubstantial,tenuous
limp,floppy
limp,drooping
limp,weak
limp,wobbly
limp,unsteady
puny,tiny
puny,small
puny,insignificant
puny,meager
puny,petite
puny,modest
puny,feeble
puny,weak
shaky,unsteady
shaky,wobbly
shaky,flimsy
shaky,rickety
shaky,tenuous
shaky,feeble
shaky,vacillating
shaky,unreliable
delicate,tender
delicate,fragile
delicate,dainty
delicate,delicateful
delicate,sensitive
delicate,fine
delicate,subtle
delicate,precious
mild,gentle
mild,soft
mild,lenient
mild,moderate
mild,temperate
mild,light
tender,gentle
tender,sensitive
tender,delicate
tender,soft
tender,sympathetic
tender,gracious
tender,kind
tender,compassionate
compliant,submissive
compliant,obedient
compliant,conforming
compliant,deferential
compliant,accepting
compliant,nonresistant
compliant,yielding
compliant,acquiescent
pelasant,Agreeable
pelasant,pleasantful
pelasant,delightful
pelasant,nice
pelasant,pleasing
pelasant,pleasurable
pelasant,satisfying
pelasant,gratifying
difficult,challenging
difficult,demanding
difficult,tough
difficult,hard
difficult,taxing
difficult,strenuous
difficult,harsh
difficult,rigorous
challenging,difficult
challenging,demanding
challenging,tough
challenging,strenuous
challenging,taxing
challenging,rigorous
challenging,exacting
challenging,formidable
tough,challenging
tough,difficult
tough,rigorous
tough,demanding
tough,strenuous
tough,harsh
tough,tougher
tough,tenacious
tough,gritty
demanding,exacting
demanding,high-maintenance
demanding,authoritative
demanding,exigent
demanding,urgent
demanding,professional
demanding,commanding
demanding,high-handed
strenuous,demanding
strenuous,rigorous
strenuous,tough
strenuous,hard
strenuous,challenging
strenuous,arduous
strenuous,strenuous
strenuous,taxing
strenuous,exacting
taxing,demanding
taxing,exhausting
taxing,tiring
taxing,hard-hitting
taxing,challenging
taxing,strenuous
taxing,exacting
taxing,draining
taxing,arduous
intelligent,bright
intelligent,smart
intelligent,sharp
intelligent,astute
intelligent,wise
intelligent,perceptive
intelligent,insightful
intelligent,cunning
luminous,bright
luminous,radiant
luminous,shining
luminous,glowing
luminous,incandescent
luminous,effulgent
luminous,beaming
luminous,resplendent
radiant,luminous
radiant,bright
radiant,shining
radiant,glowing
radiant,beaming
radiant,effulgent
smart,intelligent
smart,clever
smart,shrewd
smart,wise
smart,astute
smart,sagacious
smart,quick-witted
smart,canny
sharp,keen
sharp,pointed
sharp,cutting
sharp,penetrating
sharp,incisive
sharp,clear
sharp,taut
sharp,vivid
vivid,bright
vivid,vibrant
vivid,intense
vivid,rich
vivid,strong
vivid,lively
vivid,deep
vivid,brilliant
sunny,bright
sunny,shiny
sunny,radiant
sunny,clear
sunny,lucent
sunny,fair
sunny,gleaming
sunny,solar
unlit,dark
unlit,unlitup
unlit,unilluminated
unlit,unlighted
unlit,unburned
unlit,unfired
unlit,extinguished
unlit,unignited
black,dark
black,sable
black,raven
black,onyx
black,charcoal
black,obsidian
dim,dull
dim,dense
dim,dark
dim,dimmed
dim,faint
dim,gloomy
dim,modest
dim,pale
boiling,simmering
boiling,hot
boiling,blistering
boiling,seething
boiling,sizzling
boiling,fuming
boiling,effervescing
boiling,roiling
sizzling,hot
sizzling,blistering
sizzling,sweltering
sizzling,red-hot
sizzling,blazing
sizzling,steaming
sizzling,torrid
sizzling,sizzlingly
blazing,flaming
blazing,fiery
blazing,burning
blazing,torchlike
blazing,searing
blazing,red-hot
blazing,glowing
blazing,intense
fiery,passionate
fiery,ardent
fiery,blazing
fiery,hot
fiery,intense
fiery,flaming
fiery,searing
fiery,zealous
toasty,warm
toasty,cozy
toasty,snug
toasty,snuggly
toasty,comfortable
toasty,cuddly
toasty,heated
toasty,snugged
toasty,cosy
toasty,toasted
snuggly,cozy
snuggly,comfy
snuggly,warm
snuggly,cuddly
snuggly,huggy
snuggly,close
snuggly,intimate
snuggly,secure
cosy,comfortable
cosy,snug
cosy,warm
cosy,intimate
cosy,homely
cosy,inviting
cosy,pleasant
cosy,restful
comfortable,cozy
comfortable,snug
comfortable,cosy
comfortable,easy
comfortable,convenient
comfortable,snugly
comfortable,pleasant
comfortable,soft
comfortable,luxurious
homely,cozy
homely,comfortable
homely,homey
homely,snug
homely,cottagey
homely,domestic
homely,unpretentious
homely,modest
chilly,cold
chilly,freezing
chilly,wintry
chilly,frosty
chilly,nippy
chilly,cool
chilly,biting
chilly,raw
cold,chilly
cold,frosty
cold,freezing
cold,cool
cold,nippy
cold,icy
cold,wintry
cold,arctic
unwarmed,uncooled
unwarmed,unheated
unwarmed,chilly
unwarmed,chill
unwarmed,cold
unwarmed,unthawed
unwarmed,frosty
unwarmed,unwarmed
crisp,fresh
crisp,crunchy
crisp,brittle
crisp,sharp
crisp,terse
crisp,succinct
crisp,spick-and-span
crisp,neat
refreshing,invigorating
refreshing,rejuvenating
refreshing,energizing
refreshing,revitalizing
refreshing,restorative
refreshing,bracing
refreshing,cooling
refreshing,tonic
arid,barren
arid,dry
arid,parched
arid,desertlike
arid,waterless
arid,bleak
arid,devoid
arid,unproductive
desiccated,dried
desiccated,arid
desiccated,parched
desiccated,shriveled
desiccated,withered
desiccated,mummified
dehydrated,dried
dehydrated,desiccated
dehydrated,parched
dehydrated,withered
dehydrated,drained
dehydrated,arid
dehydrated,scorched
dehydrated,baked
moistureless,dry
moistureless,arid
moistureless,waterless
moistureless,parched
moistureless,bonedry
moistureless,anhydrous
swift,rapid
swift,quick
swift,fast
swift,speedy
swift,hasty
swift,prompt
swift,instant
swift,hurried
rapid,fast
rapid,swift
rapid,speedy
rapid,hasty
rapid,prompt
rapid,quick
rapid,instant
rapid,sudden
quick,fast
quick,swift
quick,prompt
quick,hasty
quick,speedy
quick,rapid
quick,instant
quick,immediate
hasty,hurried
hasty,rapid
hasty,swift
hasty,quick
hasty,rash
hasty,precipitate
hasty,hastened
hasty,speedy
prompt,immediate
prompt,quick
prompt,speedy
prompt,expeditious
prompt,urgent
prompt,timely
prompt,instant
prompt,swift
immediate,instant
immediate,direct
immediate,quick
immediate,speedy
immediate,swift
immediate,prompt
immediate,immediateaneous
immediate,quickest
instant,immediate
instant,instantaneous
instant,prompt
instant,quick
instant,swift
instant,sudden
instant,direct
instant,exact
advanced,superior
advanced,preceding
advanced,developed
advanced,high-level
advanced,proficient
advanced,cutting-edge
advanced,high-ranking
advanced,scholarly
baffling,perplexing
baffling,bemusing
baffling,puzzling
baffling,mystifying
baffling,confounding
baffling,enigmatic
baffling,baffling
baffling,perplexive
baffling,intriguing
perplexing,baffling
perplexing,puzzling
perplexing,mystifying
perplexing,confusing
perplexing,bemusing
perplexing,stumping
perplexing,bewildering
puzzling,perplexing
puzzling,baffling
puzzling,mystifying
puzzling,confusing
puzzling,enigmatic
puzzling,intriguing
puzzling,deceptive
puzzling,elusive
mystifying,perplexing
mystifying,baffling
mystifying,puzzling
mystifying,enigmatic
mystifying,intriguing
mystifying,confounding
mystifying,bemusing
mystifying,transcending
ambiguous,unclear
ambiguous,vague
ambiguous,equivocal
ambiguous,indeterminate
ambiguous,open-ended
ambiguous,subjective
ambiguous,dubious
ambiguous,questionable
deranging,confusing
deranging,disordering
deranging,disorganizing
deranging,upsetting
deranging,disconcerting
deranging,disturbing
deranging,unsettling
deranging,bewildering
intricate,complex
intricate,complicated
intricate,delicate
intricate,detailed
intricate,labyrinthine
intricate,multi-faceted
intricate,ornate
intricate,puzzling
deceitful,treacherous
deceitful,dishonest
deceitful,deceptive
deceitful,fraudulent
deceitful,untrustworthy
deceitful,lying
deceitful,duplicitous
deceitful,false
dishonorable,unethical
dishonorable,unprincipled
dishonorable,disreputable
dishonorable,shameful
dishonorable,discreditable
dishonorable,base
dishonorable,low
dishonorable,unworthy
unethical,immoral
unethical,dishonest
unethical,unprincipled
unethical,unscrupulous
unethical,corrupt
unethical,deceitful
unethical,fraudulent
unethical,wrongful
crooked,bent
crooked,corrupt
crooked,deformed
crooked,disfigured
crooked,irregular
crooked,skewed
crooked,warped
corrupt,tainted
corrupt,decayed
corrupt,rotten
corrupt,dishonest
corrupt,unethical
corrupt,debased
corrupt,depraved
corrupt,perverted
duplicitous,deceptive
duplicitous,insincere
duplicitous,double-dealing
duplicitous,duplicitous
duplicitous,false
duplicitous,fraudulent
duplicitous,mendacious
duplicitous,treacherous
false,untrue
false,deceptive
false,inaccurate
false,misleading
false,dishonest
false,erroneous
false,fallacious
false,spurious
cordial,warm
cordial,friendly
cordial,sincere
cordial,genuine
cordial,polite
cordial,heartfelt
cordial,amiable
cordial,congenial
genial,friendly
genial,cordial
genial,warm
genial,amiable
genial,kindly
genial,gracious
warmhearted,kind-hearted
warmhearted,generous
warmhearted,affectionate
warmhearted,sympathetic
warmhearted,benevolent
warmhearted,compassionate
warmhearted,sensitive
warmhearted,amiable
approachable,accessible
approachable,friendly
approachable,open
approachable,inviting
approachable,receptive
approachable,amiable
approachable,hospitable
approachable,congenial
amiable,friendly
amiable,kind
amiable,cordial
amiable,polite
amiable,agreeable
amiable,pleasant
amiable,warm
amiable,endearing
congenial,affable
congenial,amicable
congenial,cordial
congenial,genial
congenial,friendly
congenial,pleasant
congenial,sociable
congenial,compatable
uncivil,rude
uncivil,impolite
uncivil,discourteous
uncivil,unmannerly
uncivil,bad-mannered
uncivil,ill-mannered
uncivil,vulgar
uncivil,unrefined
bad-mannered,ill-mannered
bad-mannered,impolite
bad-mannered,rude
bad-mannered,discourteous
bad-mannered,unmannerly
bad-mannered,awkward
bad-mannered,offensive
bad-mannered,boorish
unmannerly,ill-mannered
unmannerly,rude
unmannerly,impolite
unmannerly,discourteous
unmannerly,bad-mannered
unmannerly,uncivil
unmannerly,unceremonious
unmannerly,offensive
impertinent,impudent
impertinent,insolent
impertinent,cheeky
impertinent,bold
impertinent,brash
impertinent,nervy
impertinent,fresh
impertinent,presumptuous
friendly,cordial
friendly,warm
friendly,genial
friendly,amiable
friendly,polite
friendly,kind
friendly,helpful
friendly,sociable
benevolent,generous
benevolent,kind
benevolent,charitable
benevolent,philanthropic
benevolent,humanitarian
benevolent,altruistic
benevolent,munificent
benevolent,bountiful
generous,bountiful
generous,munificent
generous,charitable
generous,beneficent
generous,philanthropic
generous,liberal
generous,openhearted
generous,generous-hearted
compassionate,merciful
compassionate,sympathetic
compassionate,kind
compassionate,empathetic
compassionate,charitable
compassionate,benevolent
compassionate,lenient
compassionate,forgiving
considerate,thoughtful
considerate,kind
considerate,considerate
considerate,mindful
considerate,courteous
considerate,attentive
considerate,tactful
considerate,sympathetic
decency,propriety
decency,respectability
decency,decorum
decency,morality
decency,ethics
decency,probity
decency,righteousness
decency,honorability
helpful,useful
helpful,beneficial
helpful,profitable
helpful,advantageous
helpful,useful
helpful,valuable
helpful,handy
helpful,practical
angry,irritated
angry,furious
angry,mad
angry,outraged
angry,peeved
angry,resistant
angry,vexed
disgruntled,annoyed
disgruntled,vexed
disgruntled,discontented
disgruntled,peeved
disgruntled,irritated
disgruntled,frustrated
petty,trivial
petty,insignificant
petty,small-minded
petty,piddling
petty,mean
petty,miserly
petty,paltry
petty,niggardly
unpleasant,unfavorable
unpleasant,unpleasantful
unpleasant,disagreeable
unpleasant,distasteful
unpleasant,icky
unpleasant,offensive
unpleasant,nasty
unpleasant,unpleasantic
unpleasant,displeasing
unpleasant,discomfiting
bountiful,generous
bountiful,plentiful
bountiful,rich
bountiful,abundant
bountiful,profuse
bountiful,copious
bountiful,extensive
bountiful,bounteous
charitable,generous
charitable,benevolent
charitable,philanthropic
charitable,humane
charitable,kindhearted
charitable,lenient
charitable,magnanimous
avid,eager
avid,enthusiastic
avid,passionate
avid,zealous
avid,fervent
avid,desirous
avid,keen
avid,animated
desirous,eager
desirous,longing
desirous,wanting
desirous,yearning
desirous,craving
desirous,concupiscent
desirous,avid
desirous,solicitous
money-grubbing,avaricious
money-grubbing,greedy
money-grubbing,mercenary
money-grubbing,venal
money-grubbing,simoniacal
money-grubbing,covetous
money-grubbing,acquisitive
money-grubbing,lucre-hungry
voracious,ravenous
voracious,greedy
voracious,insatiable
voracious,devouring
voracious,consuming
voracious,drinking
voracious,gulping
voracious,gluttonous
sharkish,ruthless
sharkish,predatory
sharkish,unscrupulous
sharkish,cutthroat
sharkish,sharp
sharkish,heartless
sharkish,pitiless
sharkish,merciless
intelligent,bright
intelligent,smart
intelligent,astute
intelligent,sharp
intelligent,wise
intelligent,perceptive
intelligent,insightful
intelligent,knowledgeable
shrewd,crafty
shrewd,astute
shrewd,sagacious
shrewd,smart
shrewd,insightful
shrewd,wise
shrewd,canny
shrewd,vibrant
astute,shrewd
astute,wise
astute,clever
astute,intelligent
astute,sagacious
astute,quick-witted
astute,perceptive
astute,discerning
clever,shrewd
clever,smart
clever,astute
clever,wise
clever,intellectual
clever,ingenious
clever,resourceful
clever,cunning
sagacious,wise
sagacious,smart
sagacious,shrewd
sagacious,insightful
sagacious,sophisticated
sagacious,intelligent
sagacious,discerning
sagacious,penetrating
quick-witted,shrewd
quick-witted,astute
quick-witted,smart
quick-witted,intelligent
quick-witted,quick-thinking
quick-witted,inventive
quick-witted,witty
quick-witted,clever
unintelligent,unwise
unintelligent,dense
unintelligent,foolish
unintelligent,mindless
unintelligent,simple-minded
unintelligent,obtuse
unintelligent,dim-witted
unintelligent,brainless
simple-minded,unintelligent
simple-minded,naive
simple-minded,simplistic
simple-minded,gullible
simple-minded,short-sighted
simple-minded,superficial
simple-minded,unworldly
simple-minded,brainless
foolish,unwise
foolish,preposterous
foolish,fatuous
foolish,asinine
foolish,ill-advised
foolish,mindless
foolish,imbecilic
foolish,unintelligent
foolish,senseless
dense,compact
dense,congested
dense,thick
dense,concentrated
dense,packed
dense,crowded
dense,close
dense,massed
mindless,unthinking
mindless,automatic
mindless,heedless
mindless,thoughtless
mindless,oblivious
mindless,inattentive
mindless,mechanical
mindless,unconscious
peaceful,tranquil
peaceful,calm
peaceful,serene
peaceful,unruffled
peaceful,collected
peaceful,quiet
peaceful,peaceable
peaceful,harmonious
still,quiet
still,silent
still,motionless
still,calm
still,unmoving
still,tranquil
soft,gentle
soft,delicate
soft,mild
soft,suave
soft,tender
soft,compliant
soft,lenient
soft,flexible
serene,calm
serene,peaceful
serene,tranquil
serene,unruffled
serene,collected
serene,composed
serene,unperturbed
unobtrusive,subtle
unobtrusive,low-key
unobtrusive,discreet
unobtrusive,inconspicuous
unobtrusive,modest
unobtrusive,unnoticeable
unobtrusive,stealthy
unobtrusive,unassuming
rowdy,unruly
rowdy,boisterous
rowdy,disorderly
rowdy,loud
rowdy,noisy
rowdy,rough
rowdy,tumultuous
rowdy,uproarious
boisterous,noisy
boisterous,rowdy
boisterous,rambunctious
boisterous,unruly
boisterous,tumultuous
boisterous,disorderly
boisterous,uproarious
boisterous,uproarious
raucous,noisy
raucous,clamorous
raucous,boisterous
raucous,blaring
raucous,rowdy
raucous,shrill
raucous,uproarious
raucous,clamant
clamorous,noisy
clamorous,clamant
clamorous,strident
clamorous,blaring
clamorous,harsh
clamorous,uproarious
clamorous,vociferous
clamorous,loud
uproarious,riotous
uproarious,boisterous
uproarious,tumultuous
uproarious,uproarious
uproarious,clamorous
uproarious,stormy
uproarious,uproaring
uproarious,turbulent
blaring,loud
blaring,booming
blaring,clamorous
blaring,strident
blaring,shrill
blaring,bellowing
blaring,resounding
blaring,dinning
dinning,roaring
dinning,clattering
dinning,crashing
dinning,banging
dinning,thundering
dinning,rumbling
dinning,bellowing
secure,safe
secure,protected
secure,confident
secure,reliable
secure,stable
secure,firm
secure,guaranteed
secure,unassailable
sound,echoic
sound,resonant
sound,reverberant
sound,resounding
sound,harmonic
sound,euphonious
sound,musical
sound,melodious
snug,cozy
snug,comfortable
snug,warm
snug,intimate
snug,secure
snug,close-fitting
snug,tight
snug,restful
hazardous,dangerous
hazardous,risky
hazardous,perilous
hazardous,perilous
hazardous,harmful
hazardous,unsafe
hazardous,injurious
hazardous,detrimental
perilous,dangerous
perilous,risky
perilous,harmful
perilous,unsafe
perilous,treacherous
perilous,precarious
perilous,awful
perilous,fatal
treacherous,dangerous
treacherous,deceptive
treacherous,untrustworthy
treacherous,fraudulent
treacherous,deceitful
treacherous,unreliable
treacherous,duplicitous
treacherous,risky
unsafe,hazardous
unsafe,perilous
unsafe,risky
unsafe,peril
unsafe,dangerous
unsafe,insecure
unsafe,unsafeable
unsafe,unprotected
jeopardous,risky
jeopardous,dangerous
jeopardous,perilous
jeopardous,unsafe
jeopardous,hazardous
jeopardous,pericious
jeopardous,deleterious
jeopardous,detrimental
grubby,dirty
grubby,unclean
grubby,messy
grubby,soiled
grubby,squalid
grubby,dingy
grubby,shabby
grubby,seedy
soiled,dirty
soiled,unclean
soiled,tarnished
soiled,stained
soiled,grimy
soiled,foul
soiled,mucky
soiled,muddy
unclean,dirty
unclean,filthy
unclean,tainted
unclean,impure
unclean,unhygienic
unclean,polluted
dirty,unclean
dirty,grimy
dirty,dirtyish
dirty,soiled
dirty,foul
dirty,murky
dirty,polluted
dirty,tainted
tarnished,dimmed
tarnished,dulled
tarnished,soiled
tarnished,smirched
tarnished,blemished
tarnished,stained
tarnished,faded
tarnished,marred
muddy,dirty
muddy,sullied
muddy,unclean
muddy,grimy
muddy,miry
muddy,soggy
muddy,sloppy
muddy,dirtied
smutty,filthy
smutty,dirty
smutty,lewd
smutty,vulgar
smutty,indecent
smutty,obscene
smutty,explicit
smutty,risque
squalid,filthy
squalid,grubby
squalid,dirty
squalid,unclean
squalid,seedy
squalid,run-down
squalid,shabby
squalid,wretched
occupied,busy
occupied,engaged
occupied,inhabited
occupied,possessed
occupied,tenanted
occupied,populated
preoccupied,absorbed
preoccupied,engrossed
preoccupied,distracted
preoccupied,occupied
preoccupied,thoughtful
preoccupied,contemplative
active,busy
active,dynamic
active,energetic
active,fiery
active,live
active,spry
active,zealous
hurried,swift
hurried,rapid
hurried,quick
hurried,fast
hurried,hectic
hurried,precipitate
hurried,abrupt
hurried,sudden
stressed,anxious
stressed,strained
stressed,tense
stressed,pressured
stressed,harassed
stressed,worried
involved,entangled
involved,immersed
involved,participating
involved,connected
involved,implicated
involved,wedded
lovely,charming
lovely,beautiful
lovely,attractive
lovely,delightful
lovely,pleasant
lovely,attractive
lovely,alluring
lovely,enchanting
gorgeous,stunning
gorgeous,beautiful
gorgeous,attractive
gorgeous,exquisite
gorgeous,alluring
gorgeous,charismatic
gorgeous,captivating
gorgeous,picturesque
handsome,attractive
handsome,good-looking
handsome,hunky
handsome,dapper
handsome,suave
handsome,stylish
handsome,debonair
handsome,snazzy
fine,excellent
fine,superb
fine,delicate
fine,thin
fine,narrow
fine,peaceful
renowned,famous
renowned,noted
renowned,celebrated
renowned,eminent
renowned,distinguished
renowned,reputed
renowned,prestigious
renowned,illustrious
eminent,prestigious
eminent,distinguished
eminent,prominent
eminent,renowned
eminent,celebrated
eminent,high-ranking
eminent,notable
eminent,leading
distinguished,preeminent
distinguished,eminent
distinguished,outstanding
distinguished,renowned
distinguished,celebrated
distinguished,notable
distinguished,prominent
distinguished,excellent
notable,remarkable
notable,distinguished
notable,significant
notable,conspicuous
notable,famous
notable,renowned
notable,eminent
notable,noteworthy
famed,renowned
famed,famous
famed,celebrated
famed,noted
famed,eminent
famed,distinguished
famed,acclaimed
famed,preeminent
acclaimed,celebrated
acclaimed,renowned
acclaimed,famed
acclaimed,lauded
acclaimed,praised
acclaimed,honored
acclaimed,revered
acclaimed,distinguished
unidentified,unclear
unidentified,unknown
unidentified,anonymous
unidentified,unclassified
unidentified,unspecified
unidentified,unrecognized
unfamiliar,strange
unfamiliar,new
unfamiliar,unknown
unfamiliar,foreign
unfamiliar,uncommon
unfamiliar,vehicle
unfamiliar,novel
unfamiliar,unread
unfamiliar,unseen
unfamiliar,unacquainted
secret,clandestine
secret,covert
secret,confidential
secret,classified
secret,privileged
secret,undisclosed
veiled,concealed
veiled,masked
veiled,covered
veiled,hidden
veiled,shrouded
veiled,screened
unseen,hidden
unseen,concealed
unseen,veiled
unseen,unobserved
unseen,unnoticed
unseen,imperceptible
imperceptible,minute
imperceptible,negligible
imperceptible,infinitesimal
imperceptible,subtle
imperceptible,unnoticeable
imperceptible,tiny
imperceptible,faint
imperceptible,trifling
intangible,imaginary
intangible,imprecise
intangible,ungraspable
intangible,formless
intangible,impalpable
intangible,incorporeal
intangible,metaphysical
intangible,abstract
diaphanous,translucent
diaphanous,sheer
diaphanous,gossamer
diaphanous,filmy
diaphanous,ethereal
diaphanous,transparent
diaphanous,clear
diaphanous,visible
ghostly,ethereal
ghostly,spectral
ghostly,haunting
ghostly,ghoulish
ghostly,apparitional
ghostly,pale
ghostly,shadowy
ghostly,diaphanous
traitorous,treacherous
traitorous,deceitful
traitorous,faithless
traitorous,untrustworthy
traitorous,disloyal
traitorous,unfaithful
traitorous,backstabbing
traitorous,two-faced
untrustworthy,unreliable
untrustworthy,dubious
untrustworthy,deceitful
untrustworthy,treacherous
untrustworthy,fallible
untrustworthy,fishy
untrustworthy,shady
untrustworthy,questionable
deceitful,fraudulent
deceitful,duplicitous
deceitful,dishonest
deceitful,mendacious
deceitful,untrustworthy
deceitful,treacherous
disloyalty,treachery
disloyalty,betrayal
disloyalty,unfaithfulness
disloyalty,infidelity
disloyalty,duplicity
disloyalty,deceit
disloyalty,backstabbing
disloyalty,untrustworthiness
two-faced,insincere
two-faced,duplicitous
two-faced,double-dealing
two-faced,hypocritical
two-faced,phoney
two-faced,deceitful
two-faced,untrustworthy
two-faced,janus-faced
betraying,treacherous
betraying,deceitful
betraying,duplicitous
betraying,faithless
betraying,unfaithful
betraying,untrustworthy
accurate,precise
accurate,exact
accurate,correct
accurate,faithful
accurate,meticulous
accurate,trustworthy
accurate,unerring
exact,precise
exact,accurate
exact,strict
exact,specific
exact,definite
exact,literal
exact,express
exact,unerring
right,correct
right,proper
right,suitable
right,legitimate
right,accurate
right,precise
right,authentic
right,exact
proper,correct
proper,appropriate
proper,suitable
proper,fitting
proper,right
proper,acceptable
proper,legitimate
proper,decorous
truthful,sincere
truthful,honest
truthful,genuine
truthful,frank
truthful,authentic
truthful,faithful
truthful,trustworthy
truthful,veracious
incorrect,wrong
incorrect,inaccurate
incorrect,erroneous
incorrect,mistaken
incorrect,false
incorrect,untrue
incorrect,improper
incorrect,fallacious
erroneous,incorrect
erroneous,wrong
erroneous,mistaken
erroneous,inaccurate
erroneous,false
erroneous,untrue
erroneous,fallacious
erroneous,spurious
untrue,incorrect
untrue,false
untrue,inaccurate
untrue,misleading
untrue,bogus
untrue,erroneous
untrue,spurious
untrue,untrustworthy
false,untrue
false,deceptive
false,inaccurate
false,misleading
false,dishonest
false,erroneous
false,spurious
false,fallacious
deceptive,misleading
deceptive,delusive
deceptive,deceitful
deceptive,tricky
deceptive,fallacious
deceptive,illusory
deceptive,disguised
deceptive,untrustworthy
misleading,deceptive
misleading,false
misleading,fallacious
misleading,trickful
misleading,delusive
misleading,untrustworthy
misleading,equivocal
misleading,spurious
beneficial,advantageous
beneficial,profitable
beneficial,helpful
beneficial,useful
beneficial,salutary
beneficial,wholesome
beneficial,gainful
beneficial,constructive
profitable,lucrative
profitable,remunerative
profitable,money-making
profitable,gainful
profitable,productive
profitable,fruitful
profitable,worthwhile
profitable,advantageous
advantageous,beneficial
advantageous,profitable
advantageous,helpful
advantageous,useful
advantageous,favorable
advantageous,lucrative
advantageous,gainsome
advantageous,serviceable
handy,useful
handy,convenient
handy,practical
handy,helpful
handy,usefulness
handy,utilitarian
handy,pragmatic
handy,serviceable
practical,utilitarian
practical,applicable
practical,feasible
practical,workable
practical,serviceable
practical,helpful
practical,pragmatic
practical,common-sense
eager,enthusiastic
eager,keen
eager,anxious
eager,excited
eager,eagerness
eager,zealous
eager,avid
eager,desirous
apprehensive,anxious
apprehensive,worried
apprehensive,nervous
apprehensive,tense
apprehensive,uneasy
apprehensive,jittery
apprehensive,edgy
apprehensive,restless
restless,fidgety
restless,restive
restless,edgy
restless,uneasy
restless,anxious
restless,fretful
restless,agitated
restless,tense
worry,concern
worry,anxiety
worry,apprehension
worry,distress
worry,uncertainty
worry,fear
worry,dread
worry,care
uneasy,restless
uneasy,apprehensive
uneasy,anxious
uneasy,nervous
uneasy,tense
uneasy,uneasy
uneasy,edgy
uneasy,jumpy
openhearted,sincere
openhearted,genuine
openhearted,candid
openhearted,receptive
openhearted,unreserved
openhearted,naive
openhearted,ingenuous
openhearted,trusting
miserly,parsimonious
miserly,stingy
miserly,scant
miserly,sparing
miserly,mean
miserly,cheap
miserly,niggardly
miserly,closefisted
sparing,frugal
sparing,economical
sparing,thrifty
sparing,scant
sparing,meager
sparing,exiguous
parsimonious,frugal
parsimonious,stingy
parsimonious,sparing
parsimonious,thrifty
parsimonious,tightfisted
parsimonious,cheap
parsimonious,economical
parsimonious,penny-pinching
penny-pinching,stingy
penny-pinching,miserly
penny-pinching,scrimping
penny-pinching,cheap
penny-pinching,frugal
penny-pinching,sparing
penny-pinching,tightfisted
penny-pinching,economical
inquisitive,curious
inquisitive,interested
inquisitive,enquiring
inquisitive,questioning
inquisitive,meddlesome
inquisitive,nosy
inquisitive,probing
inquisitive,researching
inquiring,questioning
inquiring,asking
inquiring,probing
inquiring,querying
inquiring,curious
inquiring,investigating
inquiring,examining
inquiring,researching
questioning,inquisitive
questioning,skeptical
questioning,doubting
questioning,investigative
questioning,probing
questioning,analytical
questioning,pondering
questioning,quizzical
nosy,inquisitive
nosy,curious
nosy,prying
nosy,snoopy
nosy,meddlesome
nosy,interfering
nosy,overcurious
nosy,busybody
snoopy,curious
snoopy,inquisitive
snoopy,nosy
snoopy,nosey
snoopy,inquiring
snoopy,meddlesome
snoopy,prying
snoopy,researching
listless,apathetic
listless,uninterested
listless,lethargic
listless,dispirited
listless,unmotivated
listless,torpid
listless,sluggish
listless,indifferent
disinterested,impartial
disinterested,unbiased
disinterested,neutral
disinterested,objective
disinterested,detached
disinterested,uninvolved
disinterested,indifferent
disinterested,unprejudiced
weary,tired
weary,exhausted
weary,fatigued
weary,drained
weary,worn-out
weary,spent
weary,depleted
weary,languid
dynamic,energetic
dynamic,dynamicness
dynamic,vibrant
dynamic,driving
dynamic,effervescent
dynamic,changeable
dynamic,animated
dynamic,vital
vigorous,energetic
vigorous,strong
vigorous,robust
vigorous,spirited
vigorous,lively
vigorous,hearty
vigorous,strenuous
vigorous,zealous
animated,lively
animated,vibrant
animated,sprightly
animated,sparkling
animated,energetic
peppy,lively
peppy,spirited
peppy,vibrant
peppy,animated
peppy,perky
peppy,cheerful
peppy,bubbly
peppy,invigorated
sprightly,lively
sprightly,animated
sprightly,spry
sprightly,vibrant
sprightly,peppy
sprightly,spunky
sprightly,cheerful
sprightly,zippy
famished,starving
famished,ravenous
famished,hungry
famished,empty
famished,deprived
famished,void
famished,greedy
famished,needful
empty,vacant
empty,void
empty,unfilled
empty,hollow
empty,devoid
empty,deserted
desiring,eager
desiring,longing
desiring,yearning
desiring,craving
desiring,wanting
desiring,wishing
desiring,hankering
desiring,aspiring
dry,arid
dry,desiccated
dry,parched
dry,barren
dry,waterless
dry,scant
dry,meager
dehydrated,dried
dehydrated,desiccated
dehydrated,parched
dehydrated,withered
dehydrated,drained
dehydrated,arid
dehydrated,waterless
dehydrated,scorched
arid,barren
arid,dry
arid,parched
arid,aridness
arid,desertlike
arid,waterless
arid,devoid
arid,droughty
craving,yearning
craving,desire
craving,longing
craving,hankering
craving,urge
craving,concupiscence
craving,lust
craving,thirst
longing,yearning
longing,craving
longing,desire
longing,hankering
longing,languishing
longing,pining
longing,thirst
longing,yenning
imaginative,creative
imaginative,innovative
imaginative,original
imaginative,fanciful
imaginative,inventive
imaginative,artistic
imaginative,prolific
imaginative,resourceful
inventive,creative
inventive,original
inventive,innovative
inventive,imaginative
inventive,resourceful
inventive,groundbreaking
inventive,pioneering
inventive,inventive
inventive,ingenious
inventive,novel
resourceful,inventive
resourceful,creative
resourceful,ingenious
resourceful,innovative
resourceful,enterprising
resourceful,pragmatic
resourceful,imaginative
resourceful,versatile
ingenuous,naive
ingenuous,innocent
ingenuous,unsuspecting
ingenuous,trusting
ingenuous,guileless
ingenuous,artless
ingenuous,sincere
ingenuous,simplehearted
pioneering,groundbreaking
pioneering,innovative
pioneering,trailblazing
pioneering,original
pioneering,pathbreaking
pioneering,unprecedented
pioneering,trailblazing
pioneering,revolutionary
groundbreaking,innovative
groundbreaking,revolutionary
groundbreaking,pioneering
groundbreaking,original
groundbreaking,pathbreaking
groundbreaking,trailblazing
groundbreaking,unprecedented
groundbreaking,novel
coherent,logical
coherent,consistent
coherent,clear
coherent,comprehensible
coherent,cogent
coherent,orderly
coherent,sequential
coherent,reasonable
sequential,consecutive
sequential,back-to-back
sequential,consecutively
sequential,following
sequential,ordered
sequential,progressive
sequential,step-by-step
sequential,serial
pragmatic,practical
pragmatic,utilitarian
pragmatic,down-to-earth
pragmatic,unidealistic
pragmatic,businesslike
pragmatic,sensible
pragmatic,realistic
pragmatic,matter-of-fact
methodical,systematic
methodical,orderly
methodical,organized
methodical,sequential
methodical,regimented
methodical,planned
methodical,step-by-step
methodical,structured
random,unpredictable
random,haphazard
random,chance
random,sporadic
random,erratic
random,arbitrary
random,stochastic
random,fortuitous
scrambled,mixed
scrambled,disordered
scrambled,jumbled
scrambled,confused
scrambled,randomized
scrambled,entangled
scrambled,swirled
scrambled,intermixed
self-assured,confident
self-assured,poised
self-assured,assured
self-assured,unflappable
self-assured,composed
self-assured,self-possessed
sure,Certain
sure,confident
sure,positive
sure,definite
sure,surely
sure,undoubtedly
sure,assuredly
sure,sureness
assured,confident
assured,self-assured
assured,convinced
assured,positive
assured,certain
assured,unquestionable
assured,settled
assured,definite
bold,courageous
bold,daring
bold,fearless
bold,valiant
bold,audacious
bold,dauntless
bold,intrepid
bold,unflinching
self-doubting,questioning
self-doubting,dubious
self-doubting,insecure
self-doubting,uncertain
self-doubting,unconfident
self-doubting,hesitant
self-doubting,tentative
self-doubting,apprehensive
apprehensive,anxious
apprehensive,wary
apprehensive,nervous
apprehensive,tentative
apprehensive,uneasy
apprehensive,dubious
apprehensive,concerned
apprehensive,uncertain
uncertain,doubtful
uncertain,unclear
uncertain,shaky
uncertain,tentative
uncertain,questionable
uncertain,indeterminate
uncertain,undecided
uncertain,variable
hesitant,reluctant
hesitant,uncertain
hesitant,tentative
hesitant,unwilling
hesitant,induced
hesitant,cautious
hesitant,delayed
hesitant,grudging
positive,affirmative
positive,constructive
positive,optimistic
positive,encouraging
positive,favorable
positive,promising
positive,yes
positive,upbeat
upbeat,optimistic
upbeat,cheerful
upbeat,positive
upbeat,peppy
upbeat,lively
upbeat,animated
upbeat,jovial
upbeat,lighthearted
buoyant,light
buoyant,spirited
buoyant,optimistic
buoyant,cheerful
buoyant,lively
buoyant,animated
buoyant,bouncy
buoyant,peppy
hopeful,optimistic
hopeful,promising
hopeful,buoyant
hopeful,encouraged
hopeful,positive
hopeful,cheerful
hopeful,confident
hopeful,sanguine
confident,self-assured
confident,cocksure
confident,self-confident
confident,sure
confident,bold
confident,certain
confident,unflinching
confident,undoubting
sanguine,optimistic
sanguine,cheerful
sanguine,confident
sanguine,positive
sanguine,hopeful
sanguine,buoyant
dejected,Disheartened
dejected,crestfallen
dejected,lowspirited
dejected,uncheerful
dejected,saddened
disheartened,demoralized
disheartened,unencouraged
disheartened,crestfallen
disheartened,dispirited
disheartened,dismayed
disheartened,downtrodden
disheartened,hopeless
disheartened,subdued
glum,sad
glum,depressed
glum,disheartened
glum,dismal
glum,dreary
glum,miserable
dispirited,dejected
dispirited,glum
dispirited,downhearted
dispirited,disheartened
dispirited,low
dispirited,unenthusiastic
dispirited,crestfallen
dispirited,despondent
despondent,dispirited
despondent,disheartened
despondent,dejected
despondent,glum
despondent,mopey
despondent,low
despondent,unhopeful
despondent,crestfallen
practical,utilitarian
practical,applicable
practical,feasible
practical,workable
practical,serviceable
practical,helpful
practical,pragmatic
practical,functional
pragmatic,practical
pragmatic,utilitarian
pragmatic,functional
pragmatic,down-to-earth
pragmatic,no-nonsense
pragmatic,sensible
pragmatic,unidealistic
pragmatic,matter-of-fact
workable,feasible
workable,practical
workable,viable
workable,operative
workable,functional
workable,serviceable
sensible,reasonable
sensible,practical
sensible,logical
sensible,sagacious
sensible,intelligent
sensible,prudent
sensible,wise
sensible,judicious
reasonable,rational
reasonable,moderate
reasonable,fair
reasonable,sensible
reasonable,logical
reasonable,tenable
reasonable,justifiable
reasonable,reasoned
subordinate,inferior
subordinate,secondary
subordinate,subservient
subordinate,junior
subordinate,dependent
subordinate,lower
subordinate,minor
subordinate,auxiliary
auxiliary,assistant
auxiliary,helpful
auxiliary,additional
auxiliary,supplementary
auxiliary,aiding
auxiliary,subsidiary
auxiliary,accessory
auxiliary,secondary
propped-up,supported
propped-up,shored
propped-up,braced
propped-up,bolstered
propped-up,fortified
propped-up,strengthened
enjoyable,pleasurable
enjoyable,delightful
enjoyable,gratifying
enjoyable,agreeable
enjoyable,satisfying
enjoyable,enchanting
mirthful,cheerful
mirthful,gleeful
mirthful,joyful
mirthful,merry
mirthful,jovial
mirthful,lighthearted
mirthful,amused
mirthful,playful
recreative,recreational
recreative,leisure
recreative,amusement
recreative,fun
recreative,pleasurable
recreative,enjoyable
recreative,relaxing
recreative,diversional
sprightly,lively
sprightly,animated
sprightly,spry
sprightly,vibrant
sprightly,peppy
sprightly,spunky
sprightly,zippy
sprightly,bouncy
tedious,monotonous
tedious,dreary
tedious,boring
tedious,prosaic
tedious,uninteresting
tedious,wearisome
tedious,drab
tedious,flat
dreary,monotonous
dreary,drab
dreary,dull
dreary,bleak
dreary,dismal
dreary,somber
dreary,desolate
dreary,uninviting
drab,dull
drab,dreary
drab,monotonous
drab,uninteresting
drab,drabbed
drab,somber
drab,dingy
drab,lackluster
flat,level
flat,even
flat,smooth
flat,plain
flat,unvarying
flat,regular
prosaic,ordinary
prosaic,commonplace
prosaic,unremarkable
prosaic,banal
prosaic,conventional
prosaic,trivial
prosaic,predictable
prosaic,plain
prosaic,dull
prosaic,everyday
sophisticated,polished
sophisticated,refined
sophisticated,worldly
sophisticated,suave
sophisticated,elegant
sophisticated,smart
sophisticated,cutting-edge
sophisticated,high-class
intricate,complex
intricate,complicated
intricate,delicate
intricate,detailed
intricate,labyrinthine
intricate,multifaceted
intricate,nested
intricate,ornate
intricate,puzzling
intricate,sinuous
developed,advanced
developed,matured
developed,progressed
developed,evolved
developed,grown
developed,matured
developed,ripe
developed,cultivated
high-level,superior
high-level,top-notch
high-level,elevated
high-level,advanced
high-level,upper-level
high-level,first-rate
high-level,premier
high-level,exalted
preceding,previous
preceding,prior
preceding,earlier
preceding,foregoing
preceding,precedent
preceding,antecedent
preceding,former
preceding,going-before
expert,skilled
expert,proficient
expert,experienced
expert,knowledgeable
expert,specialised
expert,authoritative
expert,informed
expert,specialist
fortunate,lucky
fortunate,blessed
fortunate,privileged
fortunate,favored
fortunate,fortuitous
fortunate,opportune
fortunate,propitious
fortunate,beneficial
auspicious,propitious
auspicious,favorable
auspicious,promising
auspicious,fortunate
auspicious,lucky
auspicious,good
auspicious,beneficial
auspicious,advantageous
generous,bountiful
generous,munificent
generous,charitable
generous,beneficent
generous,large-hearted
generous,open-handed
generous,philanthropic
generous,generous-hearted
unaware,ignorant
unaware,oblivious
unaware,clueless
unaware,unknowing
unaware,uninformed
unaware,naive
unaware,unsuspecting
unaware,mindless
uninformed,unknowing
uninformed,ignorant
uninformed,naive
uninformed,unenlightened
uninformed,ill-informed
uninformed,nescient
uninformed,uninstructed
uninformed,uninitiated
oblivious,unaware
oblivious,clueless
oblivious,ignorant
oblivious,unmindful
oblivious,heedless
oblivious,unconscious
oblivious,insensible
oblivious,unobservant
dumb,mute
dumb,speechless
dumb,silent
dumb,unintelligent
dumb,foolish
dumb,obtuse
dumb,dense
dumb,mindless
unenlightened,ignorant
unenlightened,narrow-minded
unenlightened,uninformed
unenlightened,benighted
unenlightened,unsophisticated
unenlightened,nearsighted
unenlightened,prejudiced
unenlightened,duped
free,liberated
free,unfettered
free,unrestrained
free,independent
free,gratis
free,complimentary
unfastened,loose
unfastened,unbolted
unfastened,undone
unfastened,unsnapped
unfastened,opened
unfastened,unbuttoned
unfastened,untied
ligamentous,fibrous
ligamentous,connective
ligamentous,tough
ligamentous,strong
ligamentous,cordlike
ligamentous,bandlike
ligamentous,sinewy
ligamentous,tendinous
keen,eager
keen,enthusiastic
keen,zealous
keen,sharp
keen,intellectual
keen,discerning
keen,acute
keen,perceptive
acute,sharp
acute,critical
acute,intense
acute,severe
acute,serious
acute,grave
acute,urgent
acute,heightened
pointed,sharp
pointed,piquant
pointed,cutting
pointed,needlelike
pointed,spiky
pointed,pointedness
penetrating,deep
penetrating,sharp
penetrating,insightful
penetrating,profound
penetrating,acute
penetrating,searching
penetrating,piercing
penetrating,vigorous
incisive,sharp
incisive,penetrating
incisive,perceptive
incisive,insightful
incisive,trenchant
incisive,keen
incisive,analytical
incisive,discerning
courteous,polite
courteous,respectful
courteous,friendly
courteous,considerate
courteous,attentive
courteous,gracious
courteous,helpful
courteous,polished
polite,courteous
polite,mannerly
polite,respectful
polite,well-mannered
polite,polished
polite,refined
polite,tactful
polite,considerate
considerate,thoughtful
considerate,kind
considerate,considerate
considerate,mindful
considerate,attentive
considerate,sensitive
considerate,understanding
considerate,courteous
regardful,attentive
regardful,heedful
regardful,considerate
regardful,thoughtful
regardful,mindful
regardful,cautious
regardful,watchful
regardful,conscientious
honored,distinguished
honored,privileged
honored,gratified
honored,proud
honored,opulent
honored,respected
revered,venerated
revered,respected
revered,honored
revered,esteemed
revered,admired
revered,hallowed
revered,sanctified
revered,consecrated
spick-and-span,immaculate
spick-and-span,pristine
spick-and-span,clean
spick-and-span,neat
spick-and-span,gleaming
spick-and-span,spotless
spick-and-span,spic-and-span
spick-and-span,squeaky-clean
sleek,smooth
sleek,glossy
sleek,slick
sleek,streamlined
sleek,slim
sleek,shiny
sleek,polished
sleek,suave
regular,usual
regular,common
regular,normal
regular,standard
regular,customary
regular,conventional
regular,ordinary
regular,everyday
constant,continuous
constant,consistent
constant,constant
constant,uninterrupted
constant,steady
constant,unvarying
constant,unceasing
constant,persistent
short-term,temporary
short-term,transient
short-term,immediate
short-term,fleeting
short-term,short-lived
short-term,provisional
short-term,momentary
short-term,passing
transient,temporary
transient,passing
transient,fleeting
transient,short-lived
transient,transitory
transient,momentary
transient,ephemeral
transient,casual
provisional,temporary
provisional,preliminary
provisional,improvisational
provisional,conditional
provisional,interim
provisional,madeshift
provisional,pending
provisional,tentative
fleeting,transient
fleeting,short-lived
fleeting,passing
fleeting,temporary
fleeting,momentary
fleeting,ephemeral
momentary,fleeting
momentary,passing
momentary,transient
momentary,temporary
momentary,short-lived
momentary,ephemeral
credible,believable
credible,trustworthy
credible,reliable
credible,dependable
credible,plausible
credible,acceptable
credible,reasonable
credible,authentic
plausible,believable
plausible,credible
plausible,possible
plausible,reasonable
plausible,thinkable
plausible,probable
plausible,arguable
plausible,tenable
legitimate,legal
legitimate,lawful
legitimate,authentic
legitimate,genuine
legitimate,genuine
legitimate,rightful
legitimate,justified
legitimate,sanctioned
logical,rational
logical,analytical
logical,reasonable
logical,coherent
logical,sequential
logical,pragmatic
logical,methodical
logical,systematic
reasonable,rational
reasonable,moderate
reasonable,sensible
reasonable,fair
reasonable,just
reasonable,realistic
reasonable,logical
reasonable,tenable
sensible,reasonable
sensible,practical
sensible,logical
sensible,wise
sensible,sound
sensible,judicious
sensible,thoughtful
sensible,prudent
pragmatic,practical
pragmatic,utilitarian
pragmatic,functional
pragmatic,down-to-earth
pragmatic,businesslike
pragmatic,sensible
pragmatic,no-nonsense
pragmatic,realistic
methodical,systematic
methodical,orderly
methodical,organized
methodical,sequential
methodical,regimented
methodical,planned
methodical,structured
methodical,thorough
dispassionate,impartial
dispassionate,unbiased
dispassionate,neutral
dispassionate,objective
dispassionate,detached
dispassionate,equitable
dispassionate,fair
dispassionate,unprejudiced
remote,secluded
remote,isolated
remote,distant
remote,faraway
remote,unapproachable
faraway,distant
faraway,remote
faraway,far-off
faraway,outlying
faraway,far-flung
faraway,secluded
faraway,isolated
far,distant
far,remote
far,faraway
far,outlying
far,faroff
far,remotefar
far,londistant
far,extremelyfar
outlying,remote
outlying,distant
outlying,peripheral
outlying,isolated
outlying,separate
outlying,detached
outlying,far-flung
outlying,marginal
isolated,solitary
isolated,secluded
isolated,remote
isolated,detached
isolated,cut-off
isolated,alone
isolated,unsupported
isolated,insulated
acrid,pungent
acrid,sharp
acrid,harsh
acrid,bitter
acrid,caustic
acrid,stinging
acrid,piquant
acrid,poignant
acrid,tart
acrid,acerbic
bitter,acerbic
bitter,sour
bitter,pungent
bitter,harsh
bitter,cutting
bitter,sharp
bitter,poignant
sourish,acidic
sourish,acrid
sourish,bitter
sourish,sharp
sourish,sour
sourish,tart
sourish,acidulous
sourish,acerb
acidic,sour
acidic,acid
acidic,corrosive
acidic,bitter
acidic,sharp
acidic,tart
acidic,pungent
acidic,sourish
